WorkerID,Age,Occupation,IsCurrentEmployee,DateJoined,DateLeft,ReasonForLeaving,YearsWorked
1,59,Engineer,False,2018-01-05 19:43:15.734217,2022-07-05 19:43:15.734217,Safety Concerns,4.5
2,57,Geologist,False,2013-12-07 19:43:15.759216,2022-04-13 19:43:15.759216,Safety Concerns,8.35
3,53,Geologist,False,2019-08-23 19:43:15.780213,2022-11-01 19:43:15.780213,Better Opportunities Elsewhere,3.19
4,46,Geologist,False,2021-04-25 19:43:15.804239,2023-05-24 19:43:15.804239,Health Issues,2.08
5,40,Miner,True,2016-02-07 19:43:15.826239,,,7.58
6,40,Engineer,False,2013-09-23 19:43:15.848216,2018-03-26 19:43:15.848216,Better Opportunities Elsewhere,4.5
7,54,Engineer,True,2022-10-01 19:43:15.873236,,,0.94
8,47,Engineer,True,2015-05-25 19:43:15.893233,,,8.29
9,56,Miner,False,2021-07-23 19:43:15.911234,2023-01-15 19:43:15.911234,Relocation,1.48
10,27,Geologist,False,2022-10-03 19:43:15.931235,2023-07-10 19:43:15.931235,Safety Concerns,0.77
11,31,Surveyor,False,2020-06-18 19:43:15.948234,2020-11-08 19:43:15.948234,Family Reasons,0.39
12,51,Miner,True,2014-10-30 19:43:15.972217,,,8.86
13,34,Miner,True,2017-02-25 19:43:15.992217,,,6.53
14,27,Miner,True,2022-02-10 19:43:16.013213,,,1.57
15,50,Engineer,False,2022-09-15 19:43:16.033215,2022-11-11 19:43:16.033215,Better Opportunities Elsewhere,0.16
16,51,Miner,False,2021-03-21 19:43:16.051220,2023-01-29 19:43:16.051220,Family Reasons,1.86
17,56,Geologist,True,2020-06-09 19:43:16.075212,,,3.25
18,43,Geologist,True,2017-04-02 19:43:16.094212,,,6.43
19,28,Mechanic,False,2014-07-26 19:43:16.110244,2015-09-27 19:43:16.110244,Family Reasons,1.17
20,56,Miner,True,2019-04-13 19:43:16.126241,,,4.41
21,48,Surveyor,False,2013-12-23 19:43:16.145238,2023-07-09 19:43:16.145238,Safety Concerns,9.54
22,42,Engineer,True,2015-10-24 19:43:16.160234,,,7.87
23,27,Miner,True,2021-02-08 19:43:16.185239,,,2.58
24,25,Geologist,False,2021-08-22 19:43:16.203233,2023-02-04 19:43:16.203233,Relocation,1.45
25,41,Miner,True,2019-09-20 19:43:16.223238,,,3.97
26,57,Miner,False,2014-03-18 19:43:16.239240,2021-09-22 19:43:16.239240,Dissatisfaction with Pay,7.52
27,52,Miner,False,2018-09-04 19:43:16.255236,2023-05-17 19:43:16.255236,Safety Concerns,4.7
28,42,Geologist,False,2020-03-10 19:43:16.271244,2021-10-31 19:43:16.271244,Better Opportunities Elsewhere,1.64
29,38,Engineer,False,2017-06-29 19:43:16.292246,2018-05-22 19:43:16.292246,Relocation,0.9
30,49,Surveyor,True,2019-11-20 19:43:16.308241,,,3.8
31,40,Miner,False,2017-12-23 19:43:16.324247,2021-10-19 19:43:16.324247,Family Reasons,3.82
32,38,Miner,True,2023-05-26 19:43:16.346222,,,0.29
33,25,Geologist,False,2014-10-07 19:43:16.363313,2017-12-28 19:43:16.363313,Better Opportunities Elsewhere,3.23
34,55,Miner,False,2016-09-27 19:43:16.380235,2017-09-07 19:43:16.380235,Health Issues,0.94
35,57,Miner,False,2023-06-24 19:43:16.406223,2023-07-13 19:43:16.406223,Family Reasons,0.05
36,52,Engineer,False,2017-09-01 19:43:16.430237,2022-09-14 19:43:16.430237,Family Reasons,5.03
37,34,Miner,True,2019-03-20 19:43:16.451238,,,4.47
38,58,Engineer,False,2016-12-06 19:43:16.468244,2019-10-14 19:43:16.468244,Better Opportunities Elsewhere,2.85
39,53,Surveyor,False,2016-11-13 19:43:16.485235,2018-10-13 19:43:16.485235,Safety Concerns,1.91
40,34,Miner,False,2022-12-22 19:43:16.501245,2023-08-08 19:43:16.501245,Safety Concerns,0.63
41,44,Miner,True,2020-03-22 19:43:16.516245,,,3.46
42,34,Engineer,False,2018-02-27 19:43:16.535223,2020-12-18 19:43:16.535223,Health Issues,2.81
43,42,Miner,True,2015-06-11 19:43:16.557236,,,8.24
44,45,Miner,True,2019-09-16 19:43:16.576237,,,3.98
45,45,Mechanic,False,2022-12-10 19:43:16.594215,2023-03-31 19:43:16.594215,Health Issues,0.3
46,59,Engineer,False,2021-09-08 19:43:16.615221,2023-05-22 19:43:16.615221,Better Opportunities Elsewhere,1.7
47,36,Miner,False,2017-08-03 19:43:16.636234,2023-06-03 19:43:16.636234,Health Issues,5.83
48,56,Miner,False,2023-06-21 19:43:16.655216,2023-08-18 19:43:16.655216,Dissatisfaction with Pay,0.16
49,53,Miner,False,2015-11-16 19:43:16.675218,2017-02-19 19:43:16.675218,Family Reasons,1.26
50,51,Engineer,False,2020-01-21 19:43:16.693237,2022-12-06 19:43:16.693237,Relocation,2.87
51,57,Miner,False,2015-09-30 19:43:16.713244,2019-02-18 19:43:16.713244,Better Opportunities Elsewhere,3.39
52,38,Miner,True,2018-09-26 19:43:16.734217,,,4.95
53,30,Geologist,False,2023-01-16 19:43:16.753236,2023-08-26 19:43:16.753236,Relocation,0.61
54,43,Geologist,False,2019-05-10 19:43:16.769232,2020-01-20 19:43:16.769232,Better Opportunities Elsewhere,0.7
55,54,Surveyor,True,2013-10-03 19:43:16.785238,,,9.93
56,50,Geologist,False,2013-09-19 19:43:16.800236,2020-11-14 19:43:16.800236,Company Downsizing,7.15
57,36,Miner,True,2017-07-07 19:43:16.823237,,,6.17
58,29,Mechanic,True,2018-02-13 19:43:16.843236,,,5.57
59,46,Engineer,False,2023-05-10 19:43:16.860237,2023-06-02 19:43:16.860237,Company Downsizing,0.06
60,25,Miner,True,2021-09-16 19:43:16.876235,,,1.98
61,54,Miner,False,2023-07-17 19:43:16.896215,2023-08-04 19:43:16.896215,Better Opportunities Elsewhere,0.05
62,36,Geologist,True,2021-09-29 19:43:16.917219,,,1.94
63,42,Geologist,False,2014-06-10 19:43:16.938211,2015-09-05 19:43:16.938211,End of Contract/Project,1.24
64,44,Engineer,True,2019-02-15 19:43:16.961212,,,4.56
65,39,Engineer,False,2015-08-03 19:43:16.980212,2016-08-02 19:43:16.980212,Safety Concerns,1.0
66,31,Miner,False,2020-02-17 19:43:17.000235,2020-08-11 19:43:17.000235,Safety Concerns,0.48
67,34,Engineer,False,2022-08-04 19:43:17.021233,2023-03-26 19:43:17.021233,Company Downsizing,0.64
68,50,Surveyor,False,2019-04-30 19:43:17.040234,2023-02-13 19:43:17.040234,Health Issues,3.79
69,33,Geologist,False,2021-03-12 19:43:17.057241,2021-09-06 19:43:17.057241,Relocation,0.49
70,27,Miner,False,2021-08-09 19:43:17.073236,2023-03-16 19:43:17.073236,Safety Concerns,1.6
71,49,Miner,True,2021-10-09 19:43:17.094234,,,1.91
72,26,Surveyor,False,2016-10-15 19:43:17.109235,2019-12-12 19:43:17.109235,Better Opportunities Elsewhere,3.16
73,58,Surveyor,True,2017-08-06 19:43:17.125234,,,6.09
74,37,Miner,True,2015-10-06 19:43:17.142216,,,7.92
75,40,Geologist,False,2020-07-02 19:43:17.162235,2021-02-27 19:43:17.162235,Dissatisfaction with Pay,0.66
76,51,Miner,False,2017-09-05 19:43:17.178235,2022-08-19 19:43:17.178235,Safety Concerns,4.95
77,59,Geologist,False,2016-04-05 19:43:17.206238,2022-09-07 19:43:17.206238,Family Reasons,6.42
78,60,Miner,False,2016-09-23 19:43:17.229215,2023-08-03 19:43:17.229215,Safety Concerns,6.86
79,25,Geologist,False,2016-02-15 19:43:17.250219,2022-06-22 19:43:17.250219,Better Opportunities Elsewhere,6.35
80,31,Miner,False,2019-03-05 19:43:17.273215,2020-03-29 19:43:17.273215,Family Reasons,1.07
81,27,Surveyor,False,2016-03-16 19:43:17.291212,2019-11-12 19:43:17.291212,Health Issues,3.66
82,48,Miner,False,2023-01-16 19:43:17.314216,2023-03-20 19:43:17.314216,Family Reasons,0.17
83,33,Engineer,True,2023-02-23 19:43:17.335218,,,0.54
84,34,Miner,True,2016-08-03 19:43:17.355233,,,7.1
85,37,Miner,False,2018-10-16 19:43:17.374233,2021-12-16 19:43:17.374233,Better Opportunities Elsewhere,3.17
86,36,Miner,True,2020-12-09 19:43:17.393235,,,2.75
87,44,Mechanic,False,2016-07-03 19:43:17.414233,2023-05-09 19:43:17.414233,Better Opportunities Elsewhere,6.85
88,47,Geologist,True,2017-07-06 19:43:17.436241,,,6.17
89,27,Engineer,True,2022-12-07 19:43:17.455216,,,0.75
90,41,Geologist,False,2018-02-23 19:43:17.475216,2018-03-15 19:43:17.475216,Better Opportunities Elsewhere,0.05
91,54,Miner,False,2016-06-11 19:43:17.493215,2017-07-24 19:43:17.493215,Relocation,1.12
92,25,Surveyor,True,2022-01-23 19:43:17.513212,,,1.62
93,43,Miner,True,2019-09-12 19:43:17.533212,,,3.99
94,50,Engineer,True,2020-02-12 19:43:17.551212,,,3.57
95,48,Engineer,False,2021-04-26 19:43:17.570217,2021-10-05 19:43:17.570217,Safety Concerns,0.44
96,53,Miner,True,2020-08-04 19:43:17.590212,,,3.09
97,26,Engineer,True,2020-03-13 19:43:17.610212,,,3.49
98,27,Miner,False,2018-09-15 19:43:17.628212,2023-08-13 19:43:17.628212,Relocation,4.91
99,34,Miner,True,2023-02-18 19:43:17.653223,,,0.55
100,60,Miner,True,2018-11-17 19:43:17.675216,,,4.81
101,31,Geologist,True,2023-06-13 19:43:17.692214,,,0.24
102,46,Miner,True,2016-05-13 19:43:17.708215,,,7.32
103,29,Miner,True,2022-08-24 19:43:17.727215,,,1.04
104,28,Mechanic,True,2020-04-17 19:43:17.747212,,,3.39
105,55,Miner,False,2017-11-28 19:43:17.766237,2020-11-19 19:43:17.766237,Health Issues,2.98
106,30,Engineer,False,2016-04-13 19:43:17.783235,2017-07-29 19:43:17.783235,Safety Concerns,1.29
107,27,Miner,False,2020-06-03 19:43:17.798234,2022-03-15 19:43:17.798234,Family Reasons,1.78
108,36,Mechanic,True,2021-09-14 19:43:17.813266,,,1.98
109,55,Geologist,False,2018-11-21 19:43:17.831215,2021-10-02 19:43:17.831215,Safety Concerns,2.86
110,46,Engineer,False,2014-11-15 19:43:17.852235,2020-10-04 19:43:17.852235,Family Reasons,5.89
111,40,Miner,True,2016-04-09 19:43:17.870240,,,7.41
112,52,Miner,False,2018-04-21 19:43:17.890234,2022-11-30 19:43:17.890234,Better Opportunities Elsewhere,4.61
113,33,Miner,True,2022-01-12 19:43:17.909216,,,1.65
114,28,Geologist,True,2015-08-23 19:43:17.928215,,,8.04
115,41,Miner,False,2016-11-16 19:43:17.949215,2022-04-21 19:43:17.949215,End of Contract/Project,5.43
116,28,Miner,False,2021-12-16 19:43:17.970234,2022-09-23 19:43:17.970234,Better Opportunities Elsewhere,0.77
117,38,Engineer,False,2019-01-19 19:43:17.988236,2023-06-02 19:43:17.988236,Better Opportunities Elsewhere,4.37
118,56,Geologist,True,2020-06-14 19:43:18.005237,,,3.23
119,40,Miner,False,2015-10-16 19:43:18.020232,2017-04-24 19:43:18.020232,Family Reasons,1.52
120,48,Miner,True,2014-02-03 19:43:18.038215,,,9.59
121,49,Surveyor,True,2013-12-30 19:43:18.060233,,,9.69
122,40,Geologist,False,2023-08-12 19:43:18.077324,2023-08-19 19:43:18.077324,Safety Concerns,0.02
123,37,Engineer,False,2014-07-27 19:43:18.093236,2016-09-17 19:43:18.093236,Family Reasons,2.14
124,40,Engineer,False,2020-06-18 19:43:18.114216,2022-07-23 19:43:18.114216,Health Issues,2.09
125,40,Miner,False,2019-06-03 19:43:18.135241,2020-04-01 19:43:18.135241,Better Opportunities Elsewhere,0.83
126,59,Surveyor,False,2017-07-04 19:43:18.154215,2019-11-23 19:43:18.154215,Family Reasons,2.39
127,54,Engineer,True,2019-09-15 19:43:18.175232,,,3.98
128,55,Geologist,False,2016-01-23 19:43:18.193286,2019-10-20 19:43:18.193286,Safety Concerns,3.74
129,35,Engineer,False,2014-09-23 19:43:18.212233,2015-07-08 19:43:18.212233,Health Issues,0.79
130,54,Geologist,False,2020-11-22 19:43:18.232215,2022-10-08 19:43:18.232215,Family Reasons,1.88
131,55,Geologist,True,2022-10-17 19:43:18.255216,,,0.89
132,57,Miner,False,2022-09-21 19:43:18.275232,2023-08-19 19:43:18.275232,Company Downsizing,0.91
133,37,Miner,True,2014-04-05 19:43:18.295234,,,9.43
134,60,Miner,True,2019-10-25 19:43:18.313232,,,3.87
135,38,Surveyor,True,2021-04-09 19:43:18.332231,,,2.41
136,58,Engineer,False,2016-08-28 19:43:18.351234,2020-07-20 19:43:18.351234,Health Issues,3.89
137,29,Miner,True,2017-12-31 19:43:18.369232,,,5.69
138,59,Surveyor,True,2016-05-24 19:43:18.391235,,,7.29
139,32,Mechanic,True,2017-12-23 19:43:18.409233,,,5.71
140,35,Mechanic,True,2014-07-11 19:43:18.429234,,,9.16
141,43,Engineer,True,2022-03-18 19:43:18.447233,,,1.48
142,40,Engineer,False,2017-09-20 19:43:18.468216,2023-06-13 19:43:18.468216,End of Contract/Project,5.73
143,46,Engineer,False,2015-07-28 19:43:18.489214,2019-07-05 19:43:18.489214,Health Issues,3.94
144,41,Miner,True,2016-07-29 19:43:18.508215,,,7.11
145,42,Miner,False,2015-08-20 19:43:18.526216,2018-06-20 19:43:18.526216,Company Downsizing,2.83
146,59,Engineer,False,2014-06-17 19:43:18.546212,2017-01-22 19:43:18.546212,Better Opportunities Elsewhere,2.6
147,28,Engineer,True,2017-06-04 19:43:18.565214,,,6.26
148,46,Miner,False,2019-06-12 19:43:18.582211,2021-08-21 19:43:18.582211,Dissatisfaction with Pay,2.19
149,27,Miner,True,2019-10-12 19:43:18.602211,,,3.91
150,50,Miner,True,2018-04-07 19:43:18.622212,,,5.42
151,49,Surveyor,False,2019-07-18 19:43:18.640214,2021-12-08 19:43:18.640214,Health Issues,2.39
152,40,Geologist,False,2021-09-07 19:43:18.657233,2022-10-15 19:43:18.657233,Health Issues,1.1
153,51,Miner,False,2021-11-11 19:43:18.679246,2023-02-03 19:43:18.679246,Better Opportunities Elsewhere,1.23
154,38,Mechanic,True,2023-07-31 19:43:18.697239,,,0.11
155,54,Mechanic,False,2017-05-14 19:43:18.718235,2018-06-17 19:43:18.718235,Retirement,1.09
156,47,Geologist,False,2023-03-31 19:43:18.739215,2023-07-18 19:43:18.739215,Safety Concerns,0.3
157,43,Miner,True,2020-04-01 19:43:18.760215,,,3.44
158,30,Miner,False,2021-04-09 19:43:18.779214,2022-06-15 19:43:18.779214,Family Reasons,1.18
159,25,Miner,True,2018-03-16 19:43:18.797212,,,5.48
160,40,Miner,True,2021-04-15 19:43:18.817212,,,2.4
161,51,Surveyor,False,2013-12-14 19:43:18.837212,2018-04-14 19:43:18.837212,Family Reasons,4.33
162,50,Surveyor,True,2018-05-23 19:43:18.856234,,,5.3
163,56,Engineer,False,2022-12-17 19:43:18.876233,2023-08-27 19:43:18.876233,Health Issues,0.69
164,34,Geologist,False,2022-10-30 19:43:18.897232,2023-04-15 19:43:18.897232,Safety Concerns,0.46
165,45,Miner,False,2016-04-20 19:43:18.918231,2017-02-08 19:43:18.918231,Safety Concerns,0.8
166,50,Engineer,False,2017-03-10 19:43:18.937233,2021-08-23 19:43:18.937233,Family Reasons,4.45
167,27,Miner,False,2015-06-16 19:43:18.956234,2022-08-17 19:43:18.956234,Retirement,7.17
168,46,Surveyor,False,2018-10-24 19:43:18.975216,2022-04-30 19:43:18.975216,Retirement,3.52
169,50,Engineer,False,2017-10-11 19:43:18.996234,2021-06-20 19:43:18.996234,Safety Concerns,3.69
170,37,Miner,True,2020-02-26 19:43:19.015267,,,3.53
171,50,Miner,True,2018-03-21 19:43:19.034215,,,5.47
172,58,Miner,False,2017-02-22 19:43:19.052219,2019-12-30 19:43:19.052219,Safety Concerns,2.85
173,28,Miner,True,2014-10-19 19:43:19.071212,,,8.89
174,40,Miner,False,2016-03-26 19:43:19.090212,2021-06-14 19:43:19.090212,Health Issues,5.22
175,53,Geologist,True,2020-03-06 19:43:19.112212,,,3.51
176,44,Mechanic,False,2013-11-01 19:43:19.133212,2016-01-08 19:43:19.133212,Company Downsizing,2.18
177,33,Mechanic,True,2022-03-29 19:43:19.151212,,,1.45
178,54,Engineer,True,2019-09-01 19:43:19.170233,,,4.02
179,48,Geologist,True,2014-05-23 19:43:19.189215,,,9.3
180,57,Mechanic,False,2018-11-18 19:43:19.207215,2020-10-23 19:43:19.207215,Safety Concerns,1.93
181,55,Engineer,True,2017-09-24 19:43:19.226212,,,5.95
182,58,Engineer,False,2016-12-21 19:43:19.245212,2018-04-26 19:43:19.245212,Health Issues,1.34
183,51,Miner,False,2017-09-16 19:43:19.264211,2021-06-26 19:43:19.264211,Dissatisfaction with Pay,3.78
184,53,Surveyor,False,2018-04-11 19:43:19.282237,2018-08-06 19:43:19.282237,Family Reasons,0.32
185,52,Mechanic,True,2021-05-22 19:43:19.299236,,,2.3
186,29,Engineer,False,2021-04-28 19:43:19.320234,2021-08-11 19:43:19.320234,Relocation,0.29
187,42,Engineer,False,2017-04-24 19:43:19.336239,2023-03-01 19:43:19.336239,Better Opportunities Elsewhere,5.85
188,47,Engineer,True,2017-12-30 19:43:19.353220,,,5.69
189,27,Mechanic,True,2023-02-27 19:43:19.372283,,,0.53
190,55,Miner,False,2015-09-14 19:43:19.391245,2017-01-30 19:43:19.391245,Safety Concerns,1.38
191,48,Engineer,True,2017-09-10 19:43:19.411234,,,5.99
192,48,Surveyor,False,2021-02-06 19:43:19.427237,2023-06-21 19:43:19.427237,End of Contract/Project,2.37
193,36,Engineer,True,2021-05-13 19:43:19.448237,,,2.32
194,55,Miner,False,2017-12-02 19:43:19.468216,2019-12-20 19:43:19.468216,Better Opportunities Elsewhere,2.05
195,45,Engineer,True,2019-07-13 19:43:19.486231,,,4.16
196,35,Engineer,True,2013-10-05 19:43:19.503234,,,9.92
197,29,Engineer,False,2019-10-19 19:43:19.526224,2022-04-13 19:43:19.526224,Health Issues,2.48
198,46,Engineer,False,2014-01-04 19:43:19.551220,2016-02-05 19:43:19.551220,Health Issues,2.09
199,53,Miner,True,2017-08-23 19:43:19.574216,,,6.04
200,43,Engineer,False,2018-02-17 19:43:19.595218,2021-08-03 19:43:19.595218,Better Opportunities Elsewhere,3.46
201,58,Miner,False,2014-09-30 19:43:19.614215,2015-08-10 19:43:19.614215,Family Reasons,0.86
202,59,Miner,True,2022-01-28 19:43:19.631214,,,1.61
203,45,Engineer,False,2014-11-27 19:43:19.647221,2021-01-24 19:43:19.647221,Safety Concerns,6.16
204,59,Geologist,True,2018-06-11 19:43:19.665214,,,5.24
205,59,Miner,False,2019-12-03 19:43:19.681215,2022-12-05 19:43:19.681215,Better Opportunities Elsewhere,3.01
206,47,Geologist,False,2018-08-17 19:43:19.699213,2018-11-16 19:43:19.699213,Better Opportunities Elsewhere,0.25
207,54,Engineer,True,2021-06-29 19:43:19.722213,,,2.19
208,43,Miner,True,2016-06-06 19:43:19.747214,,,7.26
209,34,Geologist,False,2022-04-14 19:43:19.765217,2022-07-23 19:43:19.765217,Dissatisfaction with Pay,0.27
210,52,Miner,True,2021-07-31 19:43:19.783212,,,2.11
211,45,Miner,True,2015-03-16 19:43:19.801213,,,8.48
212,45,Geologist,True,2017-09-18 19:43:19.824215,,,5.97
213,50,Engineer,False,2014-12-04 19:43:19.846229,2017-12-27 19:43:19.846229,Safety Concerns,3.06
214,34,Engineer,True,2020-10-14 19:43:19.864216,,,2.9
215,32,Engineer,True,2019-06-16 19:43:19.887213,,,4.23
216,54,Surveyor,True,2023-04-15 19:43:19.906212,,,0.4
217,47,Engineer,True,2019-05-29 19:43:19.924213,,,4.28
218,51,Geologist,True,2019-03-10 19:43:19.944214,,,4.5
219,30,Mechanic,True,2017-01-03 19:43:19.963219,,,6.68
220,56,Miner,False,2016-12-19 19:43:19.983215,2021-02-11 19:43:19.983215,Family Reasons,4.15
221,53,Engineer,True,2023-03-25 19:43:20.003217,,,0.46
222,40,Miner,True,2019-07-22 19:43:20.024212,,,4.13
223,59,Surveyor,True,2015-04-05 19:43:20.045215,,,8.43
224,56,Mechanic,True,2019-12-22 19:43:20.066217,,,3.71
225,52,Engineer,True,2021-06-22 19:43:20.085215,,,2.21
226,44,Miner,False,2019-11-09 19:43:20.102234,2022-08-24 19:43:20.102234,End of Contract/Project,2.79
227,60,Mechanic,True,2018-01-15 19:43:20.121233,,,5.65
228,40,Miner,False,2022-10-23 19:43:20.140216,2023-01-24 19:43:20.140216,Safety Concerns,0.25
229,28,Geologist,True,2017-03-01 19:43:20.163219,,,6.52
230,41,Miner,True,2018-05-05 19:43:20.182223,,,5.34
231,57,Miner,True,2017-04-30 19:43:20.206214,,,6.36
232,28,Surveyor,True,2014-12-30 19:43:20.226231,,,8.69
233,39,Geologist,False,2016-03-28 19:43:20.245237,2018-04-02 19:43:20.245237,Family Reasons,2.01
234,26,Engineer,False,2022-04-24 19:43:20.269242,2022-07-09 19:43:20.269242,Better Opportunities Elsewhere,0.21
235,59,Mechanic,True,2014-12-19 19:43:20.291242,,,8.72
236,28,Surveyor,False,2020-12-24 19:43:20.316233,2021-10-20 19:43:20.316233,Relocation,0.82
237,27,Miner,False,2021-10-16 19:43:20.336240,2023-01-31 19:43:20.336240,Safety Concerns,1.29
238,26,Engineer,False,2018-04-18 19:43:20.354247,2023-07-29 19:43:20.354247,Safety Concerns,5.28
239,47,Mechanic,False,2016-12-03 19:43:20.379235,2017-11-11 19:43:20.379235,Family Reasons,0.94
240,27,Miner,True,2014-08-11 19:43:20.397240,,,9.08
241,39,Surveyor,False,2017-10-20 19:43:20.418235,2020-08-18 19:43:20.418235,Health Issues,2.83
242,59,Miner,True,2014-10-13 19:43:20.438233,,,8.9
243,55,Geologist,True,2014-03-04 19:43:20.458244,,,9.51
244,28,Geologist,False,2023-02-07 19:43:20.479240,2023-04-26 19:43:20.479240,Safety Concerns,0.21
245,53,Miner,False,2023-07-02 19:43:20.501239,2023-07-21 19:43:20.501239,Health Issues,0.05
246,30,Miner,True,2018-04-27 19:43:20.520236,,,5.37
247,31,Miner,True,2017-12-15 19:43:20.540233,,,5.73
248,51,Mechanic,False,2019-11-27 19:43:20.560237,2023-07-23 19:43:20.560237,Safety Concerns,3.65
249,34,Geologist,True,2022-11-01 19:43:20.586234,,,0.85
250,31,Geologist,True,2016-04-21 19:43:20.605215,,,7.38
251,48,Geologist,True,2015-11-05 19:43:20.624215,,,7.84
252,34,Miner,True,2015-09-09 19:43:20.644212,,,8.0
253,50,Miner,False,2014-05-30 19:43:20.663215,2014-07-25 19:43:20.663215,Better Opportunities Elsewhere,0.15
254,45,Miner,False,2022-10-25 19:43:20.683216,2023-06-01 19:43:20.683216,Health Issues,0.6
255,25,Engineer,True,2015-03-04 19:43:20.703218,,,8.51
256,49,Engineer,True,2015-09-28 19:43:20.723216,,,7.95
257,31,Miner,True,2021-11-05 19:43:20.745213,,,1.84
258,27,Mechanic,False,2022-06-11 19:43:20.767213,2022-09-23 19:43:20.767213,Family Reasons,0.28
259,28,Engineer,False,2018-11-23 19:43:20.792213,2021-01-16 19:43:20.792213,Family Reasons,2.15
260,34,Surveyor,False,2020-09-02 19:43:20.811217,2022-03-12 19:43:20.811217,Better Opportunities Elsewhere,1.52
261,28,Miner,True,2023-03-10 19:43:20.831219,,,0.5
262,44,Engineer,True,2017-02-10 19:43:20.854218,,,6.57
263,51,Miner,True,2022-08-31 19:43:20.876216,,,1.02
264,39,Engineer,True,2017-03-14 19:43:20.898226,,,6.49
265,39,Engineer,True,2013-10-20 19:43:20.921216,,,9.88
266,41,Miner,True,2017-08-09 19:43:20.945218,,,6.08
267,26,Miner,True,2016-05-05 19:43:20.969217,,,7.34
268,30,Surveyor,False,2021-06-14 19:43:20.989217,2023-07-22 19:43:20.989217,Family Reasons,2.1
269,27,Mechanic,False,2019-12-10 19:43:21.010218,2020-06-20 19:43:21.010218,Better Opportunities Elsewhere,0.53
270,37,Mechanic,False,2017-08-17 19:43:21.031219,2022-08-03 19:43:21.031219,Safety Concerns,4.96
271,43,Miner,True,2020-04-08 19:43:21.054223,,,3.42
272,25,Engineer,True,2017-02-17 19:43:21.075214,,,6.55
273,32,Miner,True,2017-12-31 19:43:21.095216,,,5.69
274,46,Engineer,True,2021-07-03 19:43:21.118217,,,2.18
275,44,Miner,True,2021-04-23 19:43:21.138216,,,2.38
276,31,Miner,False,2019-10-21 19:43:21.160214,2021-09-10 19:43:21.160214,Family Reasons,1.89
277,54,Miner,True,2018-12-07 19:43:21.187219,,,4.75
278,48,Engineer,True,2019-04-30 19:43:21.208214,,,4.36
279,35,Engineer,False,2020-03-17 19:43:21.229214,2020-08-21 19:43:21.229214,Safety Concerns,0.43
280,39,Engineer,False,2014-04-24 19:43:21.249215,2022-03-27 19:43:21.249215,Safety Concerns,7.92
281,52,Engineer,True,2020-01-13 19:43:21.273219,,,3.65
282,49,Miner,False,2018-08-25 19:43:21.300217,2022-11-30 19:43:21.300217,Relocation,4.27
283,54,Miner,True,2014-06-09 19:43:21.323227,,,9.25
284,33,Geologist,True,2015-05-08 19:43:21.348219,,,8.34
285,31,Engineer,True,2020-09-12 19:43:21.374219,,,2.99
286,55,Engineer,True,2020-10-13 19:43:21.396213,,,2.9
287,60,Engineer,True,2017-01-30 19:43:21.422212,,,6.6
288,38,Miner,False,2018-09-15 19:43:21.446213,2023-01-04 19:43:21.446213,Company Downsizing,4.3
289,57,Surveyor,False,2018-11-15 19:43:21.470216,2022-10-03 19:43:21.470216,Safety Concerns,3.88
290,56,Engineer,False,2014-08-07 19:43:21.491214,2018-08-07 19:43:21.491214,Family Reasons,4.0
291,42,Surveyor,True,2019-07-10 19:43:21.511213,,,4.16
292,42,Miner,False,2014-09-05 19:43:21.533247,2015-01-21 19:43:21.533247,End of Contract/Project,0.38
293,45,Engineer,False,2018-06-26 19:43:21.555243,2021-09-20 19:43:21.555243,Health Issues,3.24
294,26,Geologist,False,2020-12-10 19:43:21.576248,2021-06-15 19:43:21.576248,Relocation,0.51
295,28,Geologist,True,2017-10-13 19:43:21.600222,,,5.9
296,54,Surveyor,True,2014-02-09 19:43:21.620237,,,9.58
297,56,Surveyor,False,2014-07-29 19:43:21.642215,2015-02-06 19:43:21.642215,Family Reasons,0.53
298,54,Geologist,False,2013-10-18 19:43:21.666222,2015-09-28 19:43:21.666222,Relocation,1.94
299,35,Miner,True,2016-04-04 19:43:21.688214,,,7.43
300,47,Engineer,True,2023-03-10 19:43:21.709219,,,0.5
301,51,Geologist,False,2023-06-11 19:43:21.730215,2023-08-26 19:43:21.730215,Safety Concerns,0.21
302,38,Engineer,True,2020-03-28 19:43:21.749213,,,3.45
303,39,Miner,True,2017-11-23 19:43:21.768216,,,5.79
304,29,Engineer,True,2019-09-06 19:43:21.791214,,,4.01
305,48,Geologist,False,2020-07-06 19:43:21.819216,2022-03-05 19:43:21.819216,Safety Concerns,1.66
306,44,Engineer,False,2018-06-25 19:43:21.844213,2019-02-26 19:43:21.844213,Dissatisfaction with Pay,0.67
307,59,Surveyor,False,2018-04-13 19:43:21.870219,2022-04-11 19:43:21.870219,End of Contract/Project,3.99
308,55,Geologist,True,2022-09-27 19:43:21.896216,,,0.95
309,34,Miner,False,2015-08-07 19:43:21.919218,2019-10-25 19:43:21.919218,Safety Concerns,4.22
310,48,Engineer,True,2016-01-13 19:43:21.941214,,,7.65
311,33,Miner,False,2021-06-29 19:43:21.963217,2022-07-10 19:43:21.963217,Retirement,1.03
312,30,Surveyor,True,2016-10-01 19:43:21.987216,,,6.93
313,36,Miner,True,2015-04-05 19:43:22.007216,,,8.43
314,45,Surveyor,True,2018-05-04 19:43:22.028213,,,5.35
315,36,Engineer,False,2022-07-30 19:43:22.052218,2023-04-29 19:43:22.052218,Safety Concerns,0.75
316,44,Mechanic,True,2018-06-27 19:43:22.075216,,,5.2
317,30,Geologist,False,2022-06-22 19:43:22.097218,2022-07-06 19:43:22.097218,Safety Concerns,0.04
318,39,Mechanic,False,2016-05-18 19:43:22.120216,2022-03-22 19:43:22.120216,Relocation,5.84
319,29,Mechanic,True,2021-10-03 19:43:22.141214,,,1.93
320,30,Engineer,False,2017-09-02 19:43:22.164220,2018-02-08 19:43:22.164220,Better Opportunities Elsewhere,0.44
321,60,Miner,False,2023-03-07 19:43:22.184218,2023-06-15 19:43:22.184218,Health Issues,0.27
322,40,Engineer,True,2021-12-12 19:43:22.204214,,,1.74
323,36,Miner,False,2015-03-25 19:43:22.228218,2019-11-21 19:43:22.228218,Better Opportunities Elsewhere,4.66
324,25,Miner,True,2014-09-21 19:43:22.255216,,,8.96
325,35,Miner,False,2021-11-15 19:43:22.278218,2022-01-18 19:43:22.278218,Better Opportunities Elsewhere,0.18
326,52,Surveyor,False,2020-06-12 19:43:22.302217,2021-07-28 19:43:22.302217,Better Opportunities Elsewhere,1.13
327,58,Engineer,False,2019-10-31 19:43:22.325214,2022-01-06 19:43:22.325214,Family Reasons,2.18
328,44,Miner,False,2016-09-01 19:43:22.344213,2021-03-11 19:43:22.344213,Relocation,4.52
329,55,Miner,True,2022-06-19 19:43:22.366216,,,1.22
330,41,Mechanic,False,2016-09-07 19:43:22.384215,2022-04-24 19:43:22.384215,Better Opportunities Elsewhere,5.63
331,52,Mechanic,False,2021-12-08 19:43:22.403235,2023-07-01 19:43:22.403235,Health Issues,1.56
332,27,Mechanic,True,2017-08-21 19:43:22.424233,,,6.05
333,30,Surveyor,False,2014-07-21 19:43:22.444240,2016-10-15 19:43:22.444240,Health Issues,2.24
334,37,Surveyor,True,2023-05-12 19:43:22.466239,,,0.33
335,56,Miner,True,2023-07-29 19:43:22.487219,,,0.11
336,38,Engineer,True,2017-12-29 19:43:22.511236,,,5.69
337,51,Mechanic,False,2023-05-09 19:43:22.532244,2023-06-18 19:43:22.532244,Better Opportunities Elsewhere,0.11
338,39,Engineer,True,2023-07-17 19:43:22.551243,,,0.15
339,50,Engineer,True,2014-06-13 19:43:22.572217,,,9.24
340,31,Miner,True,2017-06-20 19:43:22.594232,,,6.22
341,44,Miner,False,2023-05-24 19:43:22.615233,2023-07-16 19:43:22.615233,Company Downsizing,0.15
342,58,Engineer,True,2015-04-10 19:43:22.632236,,,8.41
343,34,Miner,True,2018-05-24 19:43:22.650217,,,5.29
344,43,Miner,True,2021-05-12 19:43:22.672240,,,2.32
345,47,Engineer,True,2022-10-19 19:43:22.700243,,,0.89
346,55,Miner,False,2018-12-26 19:43:22.724220,2020-03-30 19:43:22.724220,Better Opportunities Elsewhere,1.26
347,42,Engineer,False,2023-03-30 19:43:22.745218,2023-05-13 19:43:22.745218,Health Issues,0.12
348,37,Geologist,False,2014-08-22 19:43:22.767218,2015-10-11 19:43:22.767218,Company Downsizing,1.14
349,33,Miner,True,2018-04-22 19:43:22.785212,,,5.38
350,47,Engineer,False,2020-05-17 19:43:22.803215,2021-04-01 19:43:22.803215,Better Opportunities Elsewhere,0.87
351,55,Miner,False,2019-11-28 19:43:22.823215,2020-08-20 19:43:22.823215,Safety Concerns,0.73
352,26,Geologist,False,2018-09-28 19:43:22.842215,2021-02-16 19:43:22.842215,Safety Concerns,2.39
353,34,Surveyor,True,2014-01-02 19:43:22.860214,,,9.68
354,25,Surveyor,True,2023-05-26 19:43:22.877214,,,0.29
355,47,Engineer,False,2018-09-28 19:43:22.901212,2022-03-23 19:43:22.901212,Dissatisfaction with Pay,3.48
356,37,Miner,False,2014-10-14 19:43:22.921214,2019-08-05 19:43:22.921214,Dissatisfaction with Pay,4.81
357,43,Geologist,True,2020-04-21 19:43:22.941211,,,3.38
358,26,Geologist,False,2021-03-15 19:43:22.962219,2023-03-15 19:43:22.962219,Family Reasons,2.0
359,55,Mechanic,True,2020-10-10 19:43:22.979218,,,2.91
360,43,Mechanic,False,2021-03-13 19:43:22.999234,2023-06-25 19:43:22.999234,Better Opportunities Elsewhere,2.28
361,54,Miner,False,2015-01-06 19:43:23.018469,2022-12-06 19:43:23.018469,Family Reasons,7.92
362,26,Miner,True,2013-11-18 19:43:23.036233,,,9.8
363,31,Geologist,True,2015-06-10 19:43:23.052235,,,8.25
364,41,Surveyor,True,2014-11-13 19:43:23.080217,,,8.82
365,25,Engineer,True,2018-04-23 19:43:23.110216,,,5.38
366,34,Miner,True,2015-10-16 19:43:23.137216,,,7.9
367,60,Engineer,True,2022-10-27 19:43:23.164228,,,0.87
368,34,Miner,True,2019-08-04 19:43:23.199220,,,4.1
369,52,Miner,False,2020-09-16 19:43:23.227221,2023-09-01 19:43:23.227221,Safety Concerns,2.96
370,53,Surveyor,True,2022-10-22 19:43:23.253219,,,0.88
371,29,Engineer,True,2019-12-30 19:43:23.278215,,,3.69
372,52,Mechanic,True,2013-10-01 19:43:23.306217,,,9.94
373,50,Geologist,True,2018-08-05 19:43:23.334224,,,5.09
374,43,Mechanic,False,2019-07-10 19:43:23.356217,2019-11-18 19:43:23.356217,Relocation,0.36
375,41,Miner,False,2017-08-13 19:43:23.379222,2021-03-04 19:43:23.379222,Health Issues,3.56
376,40,Engineer,True,2019-08-05 19:43:23.400220,,,4.09
377,49,Geologist,True,2021-08-29 19:43:23.422226,,,2.03
378,50,Surveyor,False,2020-06-07 19:43:23.443216,2020-10-04 19:43:23.443216,Safety Concerns,0.33
379,49,Miner,False,2019-09-17 19:43:23.465217,2020-07-15 19:43:23.465217,Better Opportunities Elsewhere,0.83
380,38,Miner,False,2015-08-17 19:43:23.489216,2015-11-26 19:43:23.489216,Safety Concerns,0.28
381,44,Geologist,False,2016-12-27 19:43:23.514228,2022-01-02 19:43:23.514228,Retirement,5.02
382,40,Engineer,False,2019-07-01 19:43:23.536222,2020-08-06 19:43:23.536222,Company Downsizing,1.1
383,57,Miner,True,2014-07-21 19:43:23.557213,,,9.13
384,47,Engineer,True,2023-03-30 19:43:23.577218,,,0.44
385,31,Miner,True,2022-03-03 19:43:23.605215,,,1.52
386,47,Engineer,False,2015-03-15 19:43:23.627220,2020-02-09 19:43:23.627220,Family Reasons,4.91
387,57,Miner,True,2018-08-19 19:43:23.654221,,,5.05
388,56,Engineer,True,2015-09-06 19:43:23.680222,,,8.01
389,30,Geologist,False,2023-03-12 19:43:23.703217,2023-04-24 19:43:23.703217,Better Opportunities Elsewhere,0.12
390,25,Miner,False,2015-08-28 19:43:23.728221,2016-02-28 19:43:23.728221,End of Contract/Project,0.5
391,30,Surveyor,False,2021-07-30 19:43:23.756222,2022-01-13 19:43:23.756222,Better Opportunities Elsewhere,0.46
392,58,Surveyor,True,2016-10-04 19:43:23.784218,,,6.93
393,26,Miner,False,2015-02-25 19:43:23.804219,2019-01-12 19:43:23.804219,Better Opportunities Elsewhere,3.88
394,50,Miner,True,2020-01-29 19:43:23.827222,,,3.61
395,52,Mechanic,True,2022-03-02 19:43:23.848219,,,1.52
396,48,Mechanic,False,2017-09-18 19:43:23.869216,2018-06-24 19:43:23.869216,Better Opportunities Elsewhere,0.76
397,34,Geologist,True,2021-05-04 19:43:23.888219,,,2.35
398,50,Miner,False,2021-03-23 19:43:23.907214,2021-07-11 19:43:23.907214,Better Opportunities Elsewhere,0.3
399,42,Mechanic,False,2015-02-23 19:43:23.930231,2015-08-01 19:43:23.930231,Family Reasons,0.44
400,28,Surveyor,False,2019-10-04 19:43:23.952219,2020-04-24 19:43:23.952219,Health Issues,0.56
401,40,Geologist,True,2016-06-12 19:43:23.973213,,,7.24
402,57,Miner,True,2015-06-28 19:43:23.995216,,,8.2
403,27,Miner,False,2021-05-18 19:43:24.016217,2022-06-09 19:43:24.016217,Health Issues,1.06
404,25,Geologist,False,2021-04-26 19:43:24.035216,2022-10-08 19:43:24.035216,Dissatisfaction with Pay,1.45
405,38,Miner,False,2021-02-24 19:43:24.054221,2022-03-04 19:43:24.054221,Relocation,1.02
406,54,Mechanic,False,2014-09-22 19:43:24.074216,2022-01-16 19:43:24.074216,Safety Concerns,7.32
407,30,Surveyor,True,2021-04-05 19:43:24.091221,,,2.43
408,43,Geologist,True,2020-07-03 19:43:24.111216,,,3.18
409,46,Engineer,False,2016-07-06 19:43:24.136212,2018-09-22 19:43:24.136212,Health Issues,2.21
410,51,Miner,True,2020-12-21 19:43:24.155219,,,2.71
411,42,Miner,True,2019-05-27 19:43:24.174214,,,4.28
412,26,Mechanic,False,2014-02-10 19:43:24.199225,2019-10-22 19:43:24.199225,Dissatisfaction with Pay,5.69
413,48,Engineer,False,2016-05-08 19:43:24.223221,2021-03-05 19:43:24.223221,Health Issues,4.82
414,33,Surveyor,True,2014-05-22 19:43:24.248218,,,9.3
415,43,Engineer,True,2019-07-25 19:43:24.271216,,,4.12
416,29,Surveyor,True,2017-12-21 19:43:24.294220,,,5.71
417,33,Engineer,False,2017-01-14 19:43:24.318217,2023-02-14 19:43:24.318217,Relocation,6.08
418,28,Miner,True,2014-07-10 19:43:24.342212,,,9.16
419,50,Mechanic,True,2018-06-27 19:43:24.364222,,,5.2
420,29,Miner,True,2017-03-12 19:43:24.386220,,,6.49
421,27,Engineer,True,2020-06-14 19:43:24.408213,,,3.23
422,57,Engineer,False,2017-01-18 19:43:24.427220,2017-07-01 19:43:24.427220,Relocation,0.45
423,42,Miner,False,2015-02-19 19:43:24.450225,2017-11-26 19:43:24.450225,Health Issues,2.77
424,40,Miner,True,2022-05-19 19:43:24.471219,,,1.31
425,37,Surveyor,False,2019-10-24 19:43:24.491216,2020-03-07 19:43:24.491216,Safety Concerns,0.37
426,40,Miner,False,2022-10-17 19:43:24.518217,2023-05-29 19:43:24.518217,Safety Concerns,0.61
427,39,Miner,True,2014-08-24 19:43:24.540213,,,9.04
428,36,Miner,False,2021-11-11 19:43:24.559213,2022-12-05 19:43:24.559213,Dissatisfaction with Pay,1.07
429,45,Miner,True,2023-06-27 19:43:24.581220,,,0.2
430,50,Engineer,False,2014-11-17 19:43:24.599219,2017-03-03 19:43:24.599219,Relocation,2.29
431,58,Surveyor,True,2013-11-10 19:43:24.617213,,,9.83
432,53,Surveyor,True,2015-07-07 19:43:24.634213,,,8.17
433,41,Engineer,False,2018-09-10 19:43:24.654212,2022-10-23 19:43:24.654212,Safety Concerns,4.12
434,60,Engineer,False,2018-09-17 19:43:24.674212,2018-12-02 19:43:24.674212,Better Opportunities Elsewhere,0.21
435,33,Miner,True,2022-12-28 19:43:24.693215,,,0.7
436,29,Miner,True,2021-09-06 19:43:24.712216,,,2.0
437,31,Geologist,True,2021-03-16 19:43:24.731220,,,2.48
438,47,Miner,True,2016-02-12 19:43:24.752219,,,7.57
439,56,Geologist,True,2015-01-13 19:43:24.773218,,,8.65
440,44,Engineer,False,2016-08-25 19:43:24.792213,2020-02-26 19:43:24.792213,Safety Concerns,3.5
441,29,Miner,False,2020-12-17 19:43:24.810213,2023-02-18 19:43:24.810213,Better Opportunities Elsewhere,2.17
442,26,Mechanic,False,2023-08-04 19:43:24.829219,2023-08-15 19:43:24.829219,Health Issues,0.03
443,47,Miner,True,2021-01-10 19:43:24.850221,,,2.66
444,30,Engineer,False,2021-02-06 19:43:24.870246,2022-02-05 19:43:24.870246,Better Opportunities Elsewhere,1.0
445,46,Mechanic,False,2019-12-31 19:43:24.893221,2020-08-13 19:43:24.893221,Safety Concerns,0.62
446,32,Miner,False,2022-07-20 19:43:24.912231,2023-03-19 19:43:24.912231,Safety Concerns,0.66
447,48,Engineer,True,2019-04-05 19:43:24.929215,,,4.43
448,60,Engineer,False,2016-08-12 19:43:24.946220,2020-02-24 19:43:24.946220,Retirement,3.53
449,55,Miner,True,2019-08-04 19:43:24.968240,,,4.1
450,44,Engineer,False,2020-08-29 19:43:24.986220,2023-01-03 19:43:24.986220,Health Issues,2.35
451,56,Geologist,True,2014-12-10 19:43:25.003216,,,8.74
452,55,Mechanic,True,2019-08-13 19:43:25.024220,,,4.07
453,43,Geologist,False,2022-09-19 19:43:25.043225,2023-05-30 19:43:25.043225,Safety Concerns,0.69
454,31,Engineer,True,2015-06-01 19:43:25.068221,,,8.27
455,37,Miner,True,2014-10-03 19:43:25.093222,,,8.93
456,30,Miner,False,2018-09-07 19:43:25.119222,2022-01-31 19:43:25.119222,Retirement,3.4
457,44,Miner,False,2017-01-21 19:43:25.144217,2021-09-04 19:43:25.144217,Family Reasons,4.62
458,39,Miner,True,2023-07-25 19:43:25.173212,,,0.12
459,41,Engineer,True,2018-03-04 19:43:25.202220,,,5.51
460,28,Miner,False,2021-07-01 19:43:25.225215,2023-02-27 19:43:25.225215,Safety Concerns,1.66
461,50,Miner,False,2018-07-08 19:43:25.247230,2020-02-01 19:43:25.247230,Better Opportunities Elsewhere,1.57
462,59,Surveyor,True,2015-11-27 19:43:25.274213,,,7.78
463,44,Engineer,True,2022-06-07 19:43:25.295217,,,1.25
464,26,Miner,False,2013-09-17 19:43:25.317218,2023-01-25 19:43:25.317218,End of Contract/Project,9.36
465,51,Miner,True,2018-06-21 19:43:25.339226,,,5.22
466,50,Miner,True,2021-06-22 19:43:25.362220,,,2.21
467,39,Miner,True,2023-03-03 19:43:25.390220,,,0.52
468,48,Surveyor,True,2019-02-28 19:43:25.416218,,,4.53
469,53,Miner,False,2021-11-07 19:43:25.436220,2023-04-26 19:43:25.436220,Relocation,1.46
470,53,Mechanic,False,2014-11-19 19:43:25.456220,2014-12-19 19:43:25.456220,Better Opportunities Elsewhere,0.08
471,57,Geologist,False,2018-09-14 19:43:25.477223,2023-05-30 19:43:25.477223,Safety Concerns,4.71
472,58,Mechanic,False,2013-10-14 19:43:25.501217,2023-08-08 19:43:25.501217,Health Issues,9.82
473,54,Mechanic,True,2016-01-03 19:43:25.525217,,,7.68
474,38,Miner,True,2014-11-14 19:43:25.548219,,,8.82
475,46,Geologist,True,2017-07-01 19:43:25.570220,,,6.19
476,59,Miner,True,2020-02-09 19:43:25.593218,,,3.58
477,52,Miner,True,2018-01-24 19:43:25.617220,,,5.62
478,29,Mechanic,False,2019-01-13 19:43:25.640216,2019-11-07 19:43:25.640216,Family Reasons,0.82
479,43,Miner,False,2017-09-02 19:43:25.662223,2019-02-19 19:43:25.662223,Family Reasons,1.46
480,54,Miner,False,2014-06-20 19:43:25.684217,2022-05-06 19:43:25.684217,Company Downsizing,7.88
481,26,Mechanic,True,2021-05-07 19:43:25.706216,,,2.34
482,58,Surveyor,True,2017-09-11 19:43:25.728215,,,5.99
483,47,Surveyor,False,2015-05-05 19:43:25.748224,2022-05-22 19:43:25.748224,End of Contract/Project,7.05
484,35,Surveyor,False,2015-02-08 19:43:25.770212,2021-04-05 19:43:25.770212,Family Reasons,6.15
485,27,Miner,True,2021-12-10 19:43:25.792215,,,1.74
486,31,Miner,True,2019-09-19 19:43:25.813217,,,3.97
487,46,Engineer,False,2018-07-10 19:43:25.835222,2019-10-26 19:43:25.835222,Family Reasons,1.3
488,34,Miner,True,2017-04-22 19:43:25.856217,,,6.38
489,60,Miner,False,2016-07-15 19:43:25.877220,2019-12-11 19:43:25.877220,Better Opportunities Elsewhere,3.41
490,43,Engineer,True,2017-09-24 19:43:25.900218,,,5.95
491,59,Miner,False,2017-02-12 19:43:25.931220,2021-06-15 19:43:25.931220,Health Issues,4.34
492,56,Engineer,True,2014-06-09 19:43:25.955221,,,9.25
493,53,Miner,True,2021-08-03 19:43:25.979226,,,2.1
494,44,Miner,False,2014-05-29 19:43:26.002219,2021-07-23 19:43:26.002219,Health Issues,7.15
495,57,Miner,True,2019-01-06 19:43:26.029219,,,4.67
496,43,Mechanic,False,2017-06-02 19:43:26.054219,2021-03-23 19:43:26.054219,Relocation,3.81
497,25,Miner,True,2014-01-17 19:43:26.077212,,,9.64
498,37,Engineer,True,2015-06-23 19:43:26.101222,,,8.21
499,48,Miner,False,2016-07-22 19:43:26.124216,2022-06-23 19:43:26.124216,Better Opportunities Elsewhere,5.92
500,29,Geologist,False,2022-09-18 19:43:26.143214,2023-06-04 19:43:26.143214,Safety Concerns,0.71
501,33,Miner,False,2013-11-12 19:43:26.170217,2023-02-01 19:43:26.170217,Better Opportunities Elsewhere,9.22
502,32,Miner,True,2019-07-18 19:43:26.192212,,,4.14
503,30,Engineer,False,2016-03-03 19:43:26.215219,2018-11-24 19:43:26.215219,Better Opportunities Elsewhere,2.73
504,30,Mechanic,True,2013-12-14 19:43:26.239214,,,9.73
505,51,Engineer,True,2021-07-11 19:43:26.260217,,,2.16
506,45,Engineer,False,2015-08-17 19:43:26.282218,2020-11-04 19:43:26.282218,Dissatisfaction with Pay,5.22
507,59,Miner,True,2013-12-08 19:43:26.306213,,,9.75
508,30,Engineer,True,2014-11-21 19:43:26.326213,,,8.8
509,33,Engineer,False,2014-12-17 19:43:26.347221,2018-01-14 19:43:26.347221,Family Reasons,3.08
510,49,Miner,True,2014-01-07 19:43:26.369217,,,9.67
511,54,Mechanic,True,2019-03-06 19:43:26.391213,,,4.51
512,46,Miner,False,2022-08-27 19:43:26.412224,2022-09-06 19:43:26.412224,Company Downsizing,0.03
513,30,Miner,True,2016-05-18 19:43:26.436219,,,7.31
514,52,Miner,True,2013-12-31 19:43:26.459217,,,9.69
515,42,Miner,True,2021-10-27 19:43:26.484225,,,1.86
516,57,Miner,True,2017-05-04 19:43:26.507213,,,6.35
517,40,Miner,False,2021-11-17 19:43:26.527215,2023-03-29 19:43:26.527215,Better Opportunities Elsewhere,1.36
518,42,Miner,True,2015-11-25 19:43:26.552222,,,7.79
519,55,Miner,True,2019-06-04 19:43:26.572213,,,4.26
520,46,Surveyor,False,2021-09-18 19:43:26.593217,2022-01-19 19:43:26.593217,Safety Concerns,0.34
521,46,Miner,True,2023-07-09 19:43:26.617220,,,0.17
522,47,Miner,False,2019-01-04 19:43:26.638218,2019-12-09 19:43:26.638218,Health Issues,0.93
523,30,Surveyor,False,2019-04-01 19:43:26.668221,2023-03-01 19:43:26.668221,Family Reasons,3.92
524,39,Miner,False,2021-02-28 19:43:26.690216,2021-12-06 19:43:26.690216,Dissatisfaction with Pay,0.77
525,54,Engineer,False,2020-02-06 19:43:26.717225,2022-12-17 19:43:26.717225,Safety Concerns,2.86
526,49,Miner,True,2022-12-27 19:43:26.741214,,,0.7
527,30,Miner,False,2015-04-08 19:43:26.766220,2017-11-15 19:43:26.766220,Family Reasons,2.61
528,45,Miner,True,2021-11-25 19:43:26.792212,,,1.79
529,42,Geologist,True,2016-02-14 19:43:26.813225,,,7.56
530,52,Miner,False,2019-12-03 19:43:26.832213,2023-07-04 19:43:26.832213,Safety Concerns,3.58
531,26,Miner,True,2023-03-16 19:43:26.854247,,,0.48
532,39,Miner,True,2017-10-25 19:43:26.876234,,,5.87
533,27,Engineer,True,2023-07-05 19:43:26.899218,,,0.18
534,48,Engineer,True,2022-07-16 19:43:26.920228,,,1.15
535,55,Miner,True,2017-11-08 19:43:26.945225,,,5.83
536,30,Miner,False,2018-06-19 19:43:26.964220,2021-10-21 19:43:26.964220,Company Downsizing,3.34
537,42,Miner,True,2017-08-07 19:43:26.985244,,,6.09
538,40,Geologist,False,2016-11-07 19:43:27.005241,2020-06-09 19:43:27.005241,Family Reasons,3.59
539,26,Surveyor,False,2016-04-23 19:43:27.028217,2018-01-17 19:43:27.028217,Family Reasons,1.74
540,55,Miner,False,2017-02-12 19:43:27.048229,2020-09-05 19:43:27.048229,Better Opportunities Elsewhere,3.56
541,42,Miner,False,2018-09-02 19:43:27.067228,2021-08-03 19:43:27.067228,Health Issues,2.92
542,40,Engineer,True,2023-03-17 19:43:27.091232,,,0.48
543,38,Geologist,True,2015-12-13 19:43:27.112217,,,7.74
544,37,Engineer,True,2015-06-24 19:43:27.130215,,,8.21
545,52,Surveyor,False,2023-02-13 19:43:27.146215,2023-07-15 19:43:27.146215,Better Opportunities Elsewhere,0.42
546,41,Miner,False,2021-01-28 19:43:27.175217,2022-07-02 19:43:27.175217,Family Reasons,1.42
547,40,Engineer,False,2022-09-22 19:43:27.198212,2023-07-06 19:43:27.198212,Relocation,0.79
548,45,Geologist,True,2017-09-30 19:43:27.219213,,,5.94
549,46,Miner,False,2022-08-06 19:43:27.239215,2023-04-23 19:43:27.239215,Better Opportunities Elsewhere,0.71
550,40,Miner,True,2023-08-06 19:43:27.258219,,,0.09
551,29,Engineer,True,2023-03-01 19:43:27.280216,,,0.52
552,56,Miner,False,2018-08-01 19:43:27.303215,2022-04-15 19:43:27.303215,Health Issues,3.7
553,38,Miner,False,2018-06-02 19:43:27.326237,2021-02-18 19:43:27.326237,Health Issues,2.72
554,53,Miner,True,2021-07-21 19:43:27.347233,,,2.13
555,30,Engineer,False,2014-01-30 19:43:27.369218,2014-01-30 19:43:27.369218,Relocation,0.0
556,40,Engineer,True,2023-05-01 19:43:27.391234,,,0.36
557,40,Miner,False,2019-12-29 19:43:27.412235,2023-05-20 19:43:27.412235,Dissatisfaction with Pay,3.39
558,50,Geologist,True,2019-12-08 19:43:27.432237,,,3.75
559,59,Miner,True,2015-04-06 19:43:27.452235,,,8.42
560,29,Surveyor,True,2016-03-20 19:43:27.470233,,,7.47
561,59,Surveyor,True,2016-12-07 19:43:27.490232,,,6.75
562,40,Miner,True,2020-10-14 19:43:27.513217,,,2.9
563,43,Engineer,True,2018-07-26 19:43:27.531233,,,5.12
564,29,Miner,False,2023-03-24 19:43:27.550233,2023-05-27 19:43:27.550233,Safety Concerns,0.18
565,34,Miner,False,2020-03-13 19:43:27.572235,2021-12-23 19:43:27.572235,Family Reasons,1.78
566,54,Miner,False,2020-11-02 19:43:27.593219,2021-03-14 19:43:27.593219,Relocation,0.36
567,44,Geologist,False,2022-08-19 19:43:27.614234,2022-09-11 19:43:27.614234,Relocation,0.06
568,53,Miner,True,2016-02-14 19:43:27.634234,,,7.56
569,38,Miner,True,2017-06-17 19:43:27.653215,,,6.23
570,56,Surveyor,False,2022-02-04 19:43:27.676234,2022-12-20 19:43:27.676234,Better Opportunities Elsewhere,0.87
571,40,Miner,False,2017-02-16 19:43:27.696235,2023-01-02 19:43:27.696235,Safety Concerns,5.88
572,58,Surveyor,True,2019-12-23 19:43:27.718238,,,3.71
573,40,Geologist,False,2018-10-18 19:43:27.741232,2020-03-27 19:43:27.741232,Safety Concerns,1.44
574,51,Geologist,False,2014-12-27 19:43:27.762234,2022-12-04 19:43:27.762234,Safety Concerns,7.94
575,53,Surveyor,True,2013-11-26 19:43:27.782215,,,9.78
576,33,Engineer,True,2017-09-21 19:43:27.802276,,,5.96
577,50,Engineer,True,2015-11-04 19:43:27.821216,,,7.84
578,44,Mechanic,False,2019-04-11 19:43:27.841212,2019-05-26 19:43:27.841212,Health Issues,0.12
579,53,Geologist,False,2016-10-10 19:43:27.861215,2022-06-08 19:43:27.861215,Better Opportunities Elsewhere,5.66
580,49,Geologist,False,2017-01-12 19:43:27.882215,2021-06-17 19:43:27.882215,Safety Concerns,4.43
581,25,Miner,False,2019-07-14 19:43:27.901212,2019-10-14 19:43:27.901212,Relocation,0.25
582,37,Mechanic,False,2019-05-15 19:43:27.924237,2022-08-22 19:43:27.924237,End of Contract/Project,3.27
583,26,Miner,True,2018-11-15 19:43:27.947319,,,4.81
584,29,Engineer,True,2021-10-16 19:43:27.967233,,,1.89
585,41,Miner,False,2022-03-18 19:43:27.986231,2023-07-12 19:43:27.986231,Family Reasons,1.32
586,28,Mechanic,True,2022-08-15 19:43:28.005234,,,1.07
587,39,Miner,True,2018-07-30 19:43:28.025234,,,5.11
588,44,Surveyor,True,2014-05-30 19:43:28.043238,,,9.28
589,44,Surveyor,False,2020-07-23 19:43:28.060244,2022-02-11 19:43:28.060244,Safety Concerns,1.56
590,34,Miner,True,2022-09-09 19:43:28.076235,,,1.0
591,31,Miner,False,2020-10-26 19:43:28.094231,2022-11-26 19:43:28.094231,Relocation,2.08
592,28,Miner,True,2014-09-17 19:43:28.115232,,,8.97
593,27,Mechanic,False,2023-07-14 19:43:28.137215,2023-08-26 19:43:28.137215,End of Contract/Project,0.12
594,29,Engineer,True,2022-12-18 19:43:28.161221,,,0.72
595,33,Miner,True,2021-08-08 19:43:28.183231,,,2.08
596,26,Engineer,True,2023-07-04 19:43:28.203217,,,0.18
597,26,Geologist,True,2016-01-12 19:43:28.222243,,,7.66
598,35,Geologist,False,2017-05-23 19:43:28.241233,2021-03-08 19:43:28.241233,Safety Concerns,3.79
599,28,Miner,True,2021-01-03 19:43:28.262215,,,2.68
600,26,Miner,True,2014-12-28 19:43:28.281215,,,8.7
601,31,Miner,True,2015-03-26 19:43:28.299215,,,8.45
602,60,Engineer,True,2021-10-09 19:43:28.318215,,,1.91
603,50,Miner,True,2019-01-11 19:43:28.337215,,,4.66
604,58,Miner,False,2021-06-04 19:43:28.353215,2023-04-14 19:43:28.353215,Relocation,1.86
605,37,Engineer,True,2015-04-21 19:43:28.376211,,,8.38
606,52,Geologist,False,2014-10-16 19:43:28.396212,2018-09-27 19:43:28.396212,Health Issues,3.95
607,35,Mechanic,True,2015-08-01 19:43:28.417232,,,8.1
608,35,Geologist,False,2017-08-16 19:43:28.436215,2023-01-22 19:43:28.436215,Better Opportunities Elsewhere,5.43
609,43,Engineer,True,2017-11-04 19:43:28.455214,,,5.84
610,55,Surveyor,False,2020-07-21 19:43:28.475211,2021-08-06 19:43:28.475211,Company Downsizing,1.04
611,33,Miner,True,2023-04-08 19:43:28.494212,,,0.42
612,31,Miner,True,2022-12-22 19:43:28.513239,,,0.71
613,51,Engineer,False,2020-07-20 19:43:28.532215,2022-11-25 19:43:28.532215,Dissatisfaction with Pay,2.35
614,47,Miner,False,2017-09-13 19:43:28.552218,2018-02-25 19:43:28.552218,Safety Concerns,0.45
615,57,Miner,True,2020-06-17 19:43:28.571212,,,3.23
616,48,Surveyor,False,2015-03-13 19:43:28.593212,2020-01-16 19:43:28.593212,Better Opportunities Elsewhere,4.85
617,41,Mechanic,False,2020-10-26 19:43:28.616212,2023-04-11 19:43:28.616212,Relocation,2.46
618,43,Miner,True,2022-01-24 19:43:28.635233,,,1.62
619,39,Miner,False,2014-11-07 19:43:28.654215,2017-05-28 19:43:28.654215,Family Reasons,2.55
620,50,Geologist,True,2023-04-20 19:43:28.673215,,,0.39
621,26,Engineer,False,2017-01-14 19:43:28.695234,2021-11-11 19:43:28.695234,Safety Concerns,4.82
622,44,Miner,True,2019-07-12 19:43:28.714236,,,4.16
623,26,Miner,True,2018-01-11 19:43:28.733240,,,5.66
624,53,Surveyor,True,2017-10-28 19:43:28.753232,,,5.86
625,57,Surveyor,True,2017-04-11 19:43:28.774234,,,6.41
626,25,Miner,False,2023-02-13 19:43:28.793236,2023-06-13 19:43:28.793236,Safety Concerns,0.33
627,41,Geologist,False,2014-05-05 19:43:28.815239,2021-10-04 19:43:28.815239,Safety Concerns,7.42
628,59,Geologist,False,2017-06-13 19:43:28.833231,2018-10-21 19:43:28.833231,Better Opportunities Elsewhere,1.36
629,47,Mechanic,True,2023-02-24 19:43:28.854219,,,0.54
630,58,Geologist,False,2019-03-16 19:43:28.875215,2022-09-28 19:43:28.875215,Better Opportunities Elsewhere,3.54
631,47,Miner,True,2021-02-07 19:43:28.894212,,,2.58
632,27,Miner,False,2019-06-07 19:43:28.913212,2022-04-25 19:43:28.913212,Safety Concerns,2.88
633,25,Engineer,False,2018-08-06 19:43:28.931218,2023-03-07 19:43:28.931218,End of Contract/Project,4.58
634,32,Engineer,False,2022-07-12 19:43:28.951238,2023-01-26 19:43:28.951238,Safety Concerns,0.54
635,40,Surveyor,False,2015-06-24 19:43:28.972234,2020-04-28 19:43:28.972234,Safety Concerns,4.85
636,25,Surveyor,False,2017-03-16 19:43:28.991239,2018-01-19 19:43:28.991239,Better Opportunities Elsewhere,0.85
637,29,Mechanic,True,2023-05-18 19:43:29.012235,,,0.31
638,38,Geologist,False,2020-10-12 19:43:29.036233,2021-10-27 19:43:29.036233,Relocation,1.04
639,52,Miner,True,2020-07-22 19:43:29.057234,,,3.13
640,59,Geologist,True,2016-06-18 19:43:29.076233,,,7.22
641,59,Miner,False,2022-11-28 19:43:29.095239,2023-05-05 19:43:29.095239,Safety Concerns,0.43
642,55,Miner,False,2017-07-12 19:43:29.111232,2020-01-26 19:43:29.111232,Family Reasons,2.54
643,55,Miner,False,2017-08-27 19:43:29.130215,2023-04-01 19:43:29.130215,Better Opportunities Elsewhere,5.59
644,55,Engineer,True,2018-08-24 19:43:29.150215,,,5.04
645,27,Geologist,True,2022-07-20 19:43:29.171235,,,1.14
646,52,Miner,True,2022-02-05 19:43:29.190215,,,1.59
647,44,Miner,False,2016-07-16 19:43:29.210618,2023-07-17 19:43:29.210618,Health Issues,7.0
648,29,Miner,False,2018-10-15 19:43:29.231235,2023-01-24 19:43:29.231235,Family Reasons,4.28
649,47,Miner,False,2014-03-16 19:43:29.253215,2019-07-04 19:43:29.253215,Safety Concerns,5.3
650,31,Miner,True,2014-06-12 19:43:29.272214,,,9.24
651,58,Engineer,True,2020-02-18 19:43:29.292212,,,3.55
652,58,Miner,True,2019-04-10 19:43:29.312216,,,4.41
653,27,Miner,True,2020-08-13 19:43:29.331215,,,3.07
654,44,Miner,False,2020-03-14 19:43:29.351212,2021-10-17 19:43:29.351212,Relocation,1.59
655,47,Geologist,False,2023-01-21 19:43:29.369233,2023-05-27 19:43:29.369233,Health Issues,0.34
656,27,Surveyor,False,2018-11-30 19:43:29.390234,2021-02-27 19:43:29.390234,Family Reasons,2.25
657,25,Miner,True,2014-12-29 19:43:29.408216,,,8.69
658,41,Miner,False,2014-02-24 19:43:29.430236,2014-05-30 19:43:29.430236,Health Issues,0.26
659,45,Miner,False,2015-12-19 19:43:29.451219,2021-02-01 19:43:29.451219,Safety Concerns,5.12
660,53,Mechanic,True,2021-01-09 19:43:29.474218,,,2.66
661,33,Engineer,False,2016-06-04 19:43:29.495233,2022-05-07 19:43:29.495233,Safety Concerns,5.92
662,42,Miner,False,2015-09-17 19:43:29.513234,2017-10-30 19:43:29.513234,Relocation,2.12
663,56,Mechanic,False,2020-10-16 19:43:29.532234,2021-04-21 19:43:29.532234,Better Opportunities Elsewhere,0.51
664,25,Engineer,True,2022-08-16 19:43:29.552212,,,1.06
665,49,Engineer,False,2016-06-11 19:43:29.573212,2021-11-25 19:43:29.573212,Health Issues,5.46
666,47,Geologist,False,2017-06-17 19:43:29.592212,2020-07-31 19:43:29.592212,Health Issues,3.12
667,34,Engineer,False,2015-01-12 19:43:29.611213,2016-08-29 19:43:29.611213,Better Opportunities Elsewhere,1.63
668,32,Engineer,True,2023-03-01 19:43:29.629235,,,0.52
669,57,Geologist,False,2019-02-06 19:43:29.650233,2020-12-17 19:43:29.650233,Retirement,1.86
670,59,Miner,True,2016-01-19 19:43:29.669215,,,7.64
671,58,Geologist,True,2021-03-08 19:43:29.691217,,,2.5
672,58,Miner,False,2014-07-22 19:43:29.712237,2019-04-06 19:43:29.712237,Dissatisfaction with Pay,4.71
673,28,Surveyor,False,2013-10-02 19:43:29.732232,2019-02-10 19:43:29.732232,Family Reasons,5.36
674,54,Geologist,True,2018-07-23 19:43:29.751234,,,5.13
675,27,Geologist,False,2014-05-10 19:43:29.771256,2015-07-27 19:43:29.771256,Family Reasons,1.21
676,52,Geologist,True,2016-06-03 19:43:29.787233,,,7.26
677,54,Engineer,False,2015-03-20 19:43:29.807237,2022-04-21 19:43:29.807237,Health Issues,7.09
678,32,Engineer,False,2019-08-11 19:43:29.822247,2020-07-01 19:43:29.822247,Health Issues,0.89
679,49,Miner,False,2023-02-20 19:43:29.838235,2023-08-23 19:43:29.838235,Health Issues,0.5
680,28,Engineer,False,2019-02-25 19:43:29.854235,2021-10-26 19:43:29.854235,Safety Concerns,2.67
681,47,Miner,True,2016-08-31 19:43:29.870235,,,7.02
682,36,Mechanic,True,2014-04-10 19:43:29.889233,,,9.41
683,55,Miner,False,2014-09-19 19:43:29.912234,2021-05-07 19:43:29.912234,Family Reasons,6.63
684,38,Surveyor,False,2017-07-08 19:43:29.929215,2017-12-06 19:43:29.929215,Safety Concerns,0.41
685,58,Miner,True,2019-12-31 19:43:29.949215,,,3.69
686,48,Miner,True,2022-09-06 19:43:29.968216,,,1.0
687,26,Miner,True,2015-11-16 19:43:29.987213,,,7.81
688,36,Mechanic,False,2015-06-08 19:43:30.005212,2016-05-07 19:43:30.005212,Better Opportunities Elsewhere,0.91
689,36,Miner,False,2020-04-13 19:43:30.024667,2020-06-22 19:43:30.024667,Health Issues,0.19
690,52,Engineer,False,2019-10-08 19:43:30.043659,2020-11-08 19:43:30.043659,Safety Concerns,1.09
691,33,Miner,True,2015-11-07 19:43:30.062657,,,7.84
692,35,Surveyor,True,2016-07-13 19:43:30.081656,,,7.15
693,50,Engineer,False,2021-06-14 19:43:30.103659,2022-06-24 19:43:30.103659,Family Reasons,1.03
694,36,Miner,True,2020-10-31 19:43:30.125660,,,2.85
695,48,Miner,False,2015-08-18 19:43:30.144676,2022-04-04 19:43:30.144676,Dissatisfaction with Pay,6.63
696,49,Engineer,True,2021-10-19 19:43:30.164676,,,1.89
697,39,Geologist,True,2021-02-22 19:43:30.182680,,,2.54
698,59,Engineer,True,2022-05-29 19:43:30.202683,,,1.28
699,30,Mechanic,False,2020-06-15 19:43:30.221675,2021-12-25 19:43:30.221675,Relocation,1.53
700,25,Engineer,False,2017-06-06 19:43:30.240659,2018-06-06 19:43:30.240659,Safety Concerns,1.0
701,37,Geologist,True,2015-08-26 19:43:30.260676,,,8.04
702,47,Engineer,False,2019-10-04 19:43:30.279677,2019-12-20 19:43:30.279677,Family Reasons,0.21
703,47,Surveyor,True,2021-12-17 19:43:30.299677,,,1.72
704,37,Engineer,True,2016-08-14 19:43:30.320661,,,7.07
705,27,Geologist,True,2019-08-04 19:43:30.341677,,,4.1
706,59,Miner,True,2017-05-10 19:43:30.360677,,,6.33
707,27,Miner,True,2015-02-23 19:43:30.379677,,,8.54
708,28,Miner,False,2016-02-22 19:43:30.398661,2018-01-31 19:43:30.398661,Family Reasons,1.94
709,51,Engineer,False,2021-08-10 19:43:30.417691,2023-02-11 19:43:30.417691,Family Reasons,1.51
710,59,Surveyor,True,2022-03-19 19:43:30.437663,,,1.47
711,25,Geologist,False,2022-05-17 19:43:30.456677,2023-07-19 19:43:30.456677,Dissatisfaction with Pay,1.17
712,50,Engineer,True,2019-11-19 19:43:30.474676,,,3.8
713,57,Engineer,False,2016-11-10 19:43:30.493678,2023-04-27 19:43:30.493678,End of Contract/Project,6.46
714,32,Engineer,True,2022-08-30 19:43:30.511678,,,1.02
715,46,Mechanic,False,2018-11-15 19:43:30.528679,2022-03-02 19:43:30.528679,Safety Concerns,3.29
716,43,Miner,True,2023-01-19 19:43:30.550662,,,0.64
717,44,Miner,True,2013-10-06 19:43:30.570679,,,9.92
718,34,Miner,True,2016-06-08 19:43:30.591660,,,7.25
719,27,Engineer,True,2020-06-23 19:43:30.610661,,,3.21
720,49,Engineer,True,2018-03-16 19:43:30.629660,,,5.48
721,29,Surveyor,True,2016-11-11 19:43:30.648656,,,6.82
722,53,Engineer,False,2022-06-06 19:43:30.666656,2023-08-04 19:43:30.666656,Better Opportunities Elsewhere,1.16
723,53,Engineer,False,2014-05-30 19:43:30.685695,2019-10-21 19:43:30.685695,Better Opportunities Elsewhere,5.39
724,41,Miner,True,2015-10-22 19:43:30.702661,,,7.88
725,53,Miner,False,2018-01-09 19:43:30.722661,2023-03-31 19:43:30.722661,Health Issues,5.22
726,54,Mechanic,True,2016-02-16 19:43:30.742680,,,7.56
727,41,Engineer,False,2023-03-27 19:43:30.764661,2023-08-06 19:43:30.764661,Family Reasons,0.36
728,38,Surveyor,True,2016-07-03 19:43:30.786662,,,7.18
729,47,Geologist,False,2015-02-01 19:43:30.805680,2015-03-08 19:43:30.805680,Safety Concerns,0.1
730,39,Miner,False,2017-09-13 19:43:30.825682,2019-11-18 19:43:30.825682,Family Reasons,2.18
731,43,Miner,False,2017-01-06 19:43:30.842680,2017-07-29 19:43:30.842680,Dissatisfaction with Pay,0.56
732,41,Engineer,False,2015-03-18 19:43:30.858698,2020-03-24 19:43:30.858698,Safety Concerns,5.02
733,45,Engineer,False,2022-02-02 19:43:30.873677,2023-06-27 19:43:30.873677,Family Reasons,1.4
734,45,Geologist,False,2019-12-01 19:43:30.889680,2021-09-17 19:43:30.889680,Better Opportunities Elsewhere,1.8
735,55,Miner,False,2022-06-12 19:43:30.906661,2022-12-03 19:43:30.906661,Family Reasons,0.48
736,30,Engineer,True,2020-07-26 19:43:30.925677,,,3.12
737,32,Geologist,False,2017-03-15 19:43:30.944661,2019-10-29 19:43:30.944661,Health Issues,2.62
738,26,Surveyor,True,2023-05-01 19:43:30.964660,,,0.36
739,26,Miner,False,2017-02-06 19:43:30.986677,2020-02-14 19:43:30.986677,Family Reasons,3.02
740,33,Geologist,True,2013-09-21 19:43:31.006676,,,9.96
741,35,Miner,False,2022-09-19 19:43:31.025676,2023-02-13 19:43:31.025676,Family Reasons,0.4
742,53,Engineer,False,2016-09-14 19:43:31.043661,2018-07-21 19:43:31.043661,Health Issues,1.85
743,39,Geologist,True,2015-06-05 19:43:31.063679,,,8.26
744,51,Engineer,False,2021-01-28 19:43:31.080675,2021-03-25 19:43:31.080675,End of Contract/Project,0.15
745,55,Engineer,False,2013-11-10 19:43:31.095735,2016-05-08 19:43:31.095735,Health Issues,2.49
746,55,Geologist,False,2022-07-16 19:43:31.114660,2023-08-16 19:43:31.114660,Family Reasons,1.08
747,39,Miner,False,2019-06-01 19:43:31.133677,2019-07-08 19:43:31.133677,Relocation,0.1
748,41,Geologist,True,2014-10-05 19:43:31.154677,,,8.93
749,29,Engineer,True,2017-07-19 19:43:31.173659,,,6.14
750,38,Miner,True,2015-09-12 19:43:31.194685,,,7.99
751,28,Geologist,True,2019-12-01 19:43:31.216661,,,3.77
752,30,Miner,False,2015-06-11 19:43:31.235660,2016-01-12 19:43:31.235660,Dissatisfaction with Pay,0.59
753,45,Engineer,True,2016-06-20 19:43:31.254660,,,7.22
754,60,Miner,False,2021-11-15 19:43:31.271660,2021-12-19 19:43:31.271660,Safety Concerns,0.09
755,49,Miner,False,2016-12-19 19:43:31.287658,2022-09-13 19:43:31.287658,Relocation,5.73
756,44,Engineer,False,2019-06-28 19:43:31.303658,2022-09-15 19:43:31.303658,Safety Concerns,3.22
757,37,Surveyor,False,2020-07-26 19:43:31.322656,2022-06-29 19:43:31.322656,Safety Concerns,1.92
758,25,Miner,False,2014-12-25 19:43:31.342656,2020-10-01 19:43:31.342656,Dissatisfaction with Pay,5.77
759,27,Engineer,False,2017-09-29 19:43:31.362656,2022-06-14 19:43:31.362656,Family Reasons,4.71
760,29,Miner,True,2016-08-20 19:43:31.383662,,,7.05
761,58,Miner,False,2018-01-25 19:43:31.405661,2022-09-22 19:43:31.405661,Safety Concerns,4.66
762,46,Mechanic,False,2016-09-11 19:43:31.423677,2022-12-01 19:43:31.423677,Family Reasons,6.22
763,34,Miner,False,2014-12-04 19:43:31.442678,2018-04-21 19:43:31.442678,Family Reasons,3.38
764,51,Miner,True,2016-02-12 19:43:31.457689,,,7.57
765,41,Geologist,True,2018-03-19 19:43:31.475661,,,5.47
766,58,Miner,True,2016-10-03 19:43:31.495676,,,6.93
767,54,Geologist,True,2022-05-21 19:43:31.513682,,,1.3
768,52,Engineer,True,2018-11-18 19:43:31.534660,,,4.8
769,36,Geologist,False,2016-10-19 19:43:31.553663,2020-03-28 19:43:31.553663,Safety Concerns,3.44
770,56,Surveyor,False,2016-10-30 19:43:31.573658,2022-07-31 19:43:31.573658,Health Issues,5.75
771,59,Miner,True,2021-08-25 19:43:31.593658,,,2.04
772,54,Miner,True,2017-07-18 19:43:31.615656,,,6.14
773,38,Engineer,False,2015-12-07 19:43:31.638659,2019-08-16 19:43:31.638659,Company Downsizing,3.69
774,40,Miner,True,2021-06-26 19:43:31.656658,,,2.2
775,55,Miner,True,2016-04-29 19:43:31.672659,,,7.36
776,38,Engineer,False,2016-06-30 19:43:31.688658,2020-08-03 19:43:31.688658,Relocation,4.09
777,49,Engineer,False,2023-08-13 19:43:31.707660,2023-08-27 19:43:31.707660,Safety Concerns,0.04
778,59,Engineer,False,2021-02-11 19:43:31.728661,2022-04-28 19:43:31.728661,Company Downsizing,1.21
779,34,Mechanic,True,2018-01-08 19:43:31.748676,,,5.66
780,36,Miner,True,2015-04-13 19:43:31.767660,,,8.41
781,30,Engineer,False,2021-10-12 19:43:31.786662,2022-11-25 19:43:31.786662,Better Opportunities Elsewhere,1.12
782,32,Geologist,False,2013-11-04 19:43:31.802659,2018-03-10 19:43:31.802659,Better Opportunities Elsewhere,4.34
783,55,Engineer,False,2015-05-04 19:43:31.826658,2019-12-22 19:43:31.826658,Health Issues,4.64
784,37,Geologist,True,2013-09-28 19:43:31.845658,,,9.94
785,31,Geologist,True,2018-11-29 19:43:31.862660,,,4.77
786,57,Miner,True,2020-05-08 19:43:31.877659,,,3.33
787,47,Engineer,False,2022-07-18 19:43:31.893660,2023-04-27 19:43:31.893660,Family Reasons,0.77
788,47,Miner,True,2018-12-07 19:43:31.909658,,,4.75
789,30,Engineer,False,2021-03-16 19:43:31.924659,2021-09-05 19:43:31.924659,Better Opportunities Elsewhere,0.47
790,38,Miner,True,2016-09-16 19:43:31.940660,,,6.98
791,37,Engineer,False,2020-09-21 19:43:31.958656,2021-06-07 19:43:31.958656,Better Opportunities Elsewhere,0.71
792,42,Geologist,True,2017-04-19 19:43:31.977656,,,6.39
793,52,Miner,True,2023-06-29 19:43:32.000659,,,0.19
794,40,Engineer,False,2017-09-18 19:43:32.021661,2020-03-03 19:43:32.021661,Relocation,2.46
795,32,Geologist,False,2021-09-16 19:43:32.042664,2023-03-11 19:43:32.042664,Better Opportunities Elsewhere,1.48
796,48,Miner,False,2018-05-07 19:43:32.061659,2022-09-17 19:43:32.061659,Better Opportunities Elsewhere,4.36
797,54,Geologist,False,2019-05-05 19:43:32.083657,2021-10-24 19:43:32.083657,Better Opportunities Elsewhere,2.47
798,59,Surveyor,False,2022-02-13 19:43:32.102659,2023-04-24 19:43:32.102659,Family Reasons,1.19
799,58,Engineer,True,2021-09-12 19:43:32.119658,,,1.99
800,53,Engineer,False,2015-09-02 19:43:32.134660,2017-05-22 19:43:32.134660,Relocation,1.72
801,36,Surveyor,False,2013-09-06 19:43:32.153656,2023-06-20 19:43:32.153656,Company Downsizing,9.79
802,57,Miner,True,2022-07-06 19:43:32.174661,,,1.17
803,40,Geologist,True,2017-12-07 19:43:32.194656,,,5.75
804,50,Engineer,True,2016-08-24 19:43:32.213659,,,7.04
805,56,Geologist,True,2022-02-17 19:43:32.234659,,,1.56
806,29,Surveyor,False,2022-02-14 19:43:32.255676,2023-03-25 19:43:32.255676,Health Issues,1.11
807,48,Engineer,False,2020-08-31 19:43:32.275676,2020-12-03 19:43:32.275676,Relocation,0.26
808,50,Engineer,False,2019-04-25 19:43:32.294677,2022-07-27 19:43:32.294677,Safety Concerns,3.26
809,47,Miner,False,2016-08-09 19:43:32.312676,2016-12-03 19:43:32.312676,Health Issues,0.32
810,51,Geologist,True,2019-12-17 19:43:32.331678,,,3.73
811,42,Engineer,True,2015-12-21 19:43:32.347679,,,7.72
812,28,Mechanic,True,2016-11-30 19:43:32.363678,,,6.77
813,36,Geologist,True,2016-01-17 19:43:32.383659,,,7.64
814,31,Surveyor,False,2019-11-19 19:43:32.403662,2022-05-13 19:43:32.403662,Safety Concerns,2.48
815,27,Miner,True,2013-12-12 19:43:32.424660,,,9.74
816,32,Miner,False,2022-05-02 19:43:32.447677,2022-06-15 19:43:32.447677,Family Reasons,0.12
817,28,Miner,True,2015-03-24 19:43:32.468659,,,8.46
818,48,Miner,False,2023-06-15 19:43:32.486660,2023-07-21 19:43:32.486660,Better Opportunities Elsewhere,0.1
819,45,Miner,False,2022-01-29 19:43:32.502659,2022-10-31 19:43:32.502659,Family Reasons,0.75
820,52,Geologist,False,2017-09-25 19:43:32.518659,2019-11-28 19:43:32.518659,Safety Concerns,2.17
821,55,Miner,False,2016-06-08 19:43:32.537658,2021-07-09 19:43:32.537658,Safety Concerns,5.08
822,59,Mechanic,True,2020-11-26 19:43:32.556663,,,2.78
823,49,Engineer,True,2023-07-23 19:43:32.573660,,,0.13
824,49,Geologist,False,2016-11-17 19:43:32.589658,2020-08-29 19:43:32.589658,End of Contract/Project,3.78
825,51,Engineer,True,2019-09-11 19:43:32.604658,,,3.99
826,59,Miner,False,2016-07-25 19:43:32.619660,2022-12-18 19:43:32.619660,Health Issues,6.4
827,35,Surveyor,True,2016-03-03 19:43:32.635658,,,7.52
828,27,Miner,True,2018-12-20 19:43:32.657655,,,4.72
829,37,Miner,False,2019-10-06 19:43:32.678659,2020-06-06 19:43:32.678659,Family Reasons,0.67
830,32,Miner,False,2013-12-01 19:43:32.697656,2022-07-30 19:43:32.697656,Family Reasons,8.66
831,50,Geologist,True,2015-07-27 19:43:32.719677,,,8.12
832,46,Miner,True,2016-03-25 19:43:32.738661,,,7.46
833,41,Miner,False,2018-11-02 19:43:32.759677,2020-08-01 19:43:32.759677,Family Reasons,1.75
834,48,Engineer,False,2021-05-11 19:43:32.778661,2021-07-01 19:43:32.778661,Health Issues,0.14
835,28,Engineer,False,2015-02-08 19:43:32.797677,2019-04-28 19:43:32.797677,Health Issues,4.22
836,44,Engineer,True,2019-12-30 19:43:32.817660,,,3.69
837,29,Geologist,True,2016-12-13 19:43:32.838676,,,6.74
838,33,Engineer,False,2021-02-06 19:43:32.857675,2021-12-18 19:43:32.857675,Family Reasons,0.86
839,30,Mechanic,False,2016-03-22 19:43:32.879661,2017-11-21 19:43:32.879661,Safety Concerns,1.67
840,38,Geologist,True,2023-02-13 19:43:32.899662,,,0.57
841,54,Miner,True,2014-08-25 19:43:32.918659,,,9.04
842,48,Geologist,True,2021-10-05 19:43:32.937656,,,1.92
843,40,Engineer,True,2018-01-25 19:43:32.956660,,,5.62
844,29,Engineer,False,2017-02-07 19:43:32.975656,2022-06-21 19:43:32.975656,Better Opportunities Elsewhere,5.37
845,32,Engineer,False,2018-06-12 19:43:32.994661,2023-03-11 19:43:32.994661,Retirement,4.74
846,43,Geologist,False,2016-11-06 19:43:33.013659,2018-11-28 19:43:33.013659,Safety Concerns,2.06
847,28,Miner,False,2019-03-05 19:43:33.032660,2023-05-25 19:43:33.032660,Family Reasons,4.22
848,43,Engineer,True,2018-02-02 19:43:33.049659,,,5.6
849,29,Miner,True,2015-08-11 19:43:33.069659,,,8.08
850,43,Geologist,False,2017-08-28 19:43:33.087659,2020-11-19 19:43:33.087659,Health Issues,3.23
851,55,Miner,True,2019-11-10 19:43:33.106656,,,3.83
852,29,Engineer,True,2018-09-09 19:43:33.122660,,,5.0
853,40,Miner,True,2019-04-28 19:43:33.138658,,,4.36
854,45,Miner,False,2022-11-21 19:43:33.158657,2023-03-18 19:43:33.158657,Safety Concerns,0.32
855,38,Miner,True,2017-08-27 19:43:33.180662,,,6.03
856,58,Engineer,True,2020-09-04 19:43:33.198657,,,3.01
857,49,Geologist,False,2022-08-04 19:43:33.217673,2023-02-24 19:43:33.217673,Safety Concerns,0.56
858,36,Miner,True,2013-11-12 19:43:33.236659,,,9.82
859,40,Miner,False,2014-12-10 19:43:33.254660,2022-07-01 19:43:33.254660,Safety Concerns,7.56
860,59,Miner,True,2013-09-07 19:43:33.274675,,,10.0
861,36,Geologist,True,2017-02-05 19:43:33.297669,,,6.59
862,42,Geologist,True,2017-01-31 19:43:33.317678,,,6.6
863,28,Miner,False,2022-02-24 19:43:33.336676,2023-06-01 19:43:33.336676,Relocation,1.26
864,43,Geologist,True,2017-03-12 19:43:33.355677,,,6.49
865,35,Miner,True,2018-11-06 19:43:33.373705,,,4.84
866,48,Miner,True,2018-11-04 19:43:33.394686,,,4.84
867,58,Geologist,True,2016-07-27 19:43:33.410675,,,7.12
868,53,Miner,False,2016-10-01 19:43:33.428687,2018-05-28 19:43:33.428687,Safety Concerns,1.65
869,42,Miner,True,2018-10-06 19:43:33.445679,,,4.92
870,57,Engineer,True,2014-02-12 19:43:33.461661,,,9.57
871,54,Miner,True,2015-04-04 19:43:33.478661,,,8.43
872,25,Geologist,True,2021-05-15 19:43:33.498662,,,2.32
873,31,Miner,False,2020-05-15 19:43:33.518663,2021-07-31 19:43:33.518663,Relocation,1.21
874,37,Geologist,False,2017-07-05 19:43:33.545657,2017-07-25 19:43:33.545657,Better Opportunities Elsewhere,0.05
875,46,Geologist,False,2013-12-12 19:43:33.561657,2017-08-21 19:43:33.561657,Health Issues,3.69
876,36,Geologist,False,2021-02-17 19:43:33.576659,2021-07-04 19:43:33.576659,Safety Concerns,0.38
877,48,Engineer,True,2023-02-28 19:43:33.597659,,,0.53
878,43,Miner,False,2022-04-01 19:43:33.616657,2022-07-10 19:43:33.616657,Better Opportunities Elsewhere,0.27
879,33,Miner,True,2020-03-28 19:43:33.632656,,,3.45
880,60,Engineer,True,2015-11-06 19:43:33.648661,,,7.84
881,32,Miner,False,2016-02-28 19:43:33.665678,2021-08-27 19:43:33.665678,End of Contract/Project,5.49
882,38,Miner,False,2019-04-01 19:43:33.684660,2019-07-02 19:43:33.684660,Better Opportunities Elsewhere,0.25
883,42,Miner,False,2015-10-16 19:43:33.702668,2020-09-27 19:43:33.702668,Dissatisfaction with Pay,4.95
884,34,Mechanic,False,2015-02-24 19:43:33.728660,2015-06-04 19:43:33.728660,Safety Concerns,0.27
885,59,Geologist,False,2022-11-24 19:43:33.749662,2022-12-12 19:43:33.749662,Dissatisfaction with Pay,0.05
886,36,Mechanic,True,2021-06-15 19:43:33.766656,,,2.23
887,35,Engineer,True,2015-07-06 19:43:33.782660,,,8.18
888,36,Miner,True,2020-11-02 19:43:33.801657,,,2.85
889,33,Miner,False,2016-07-06 19:43:33.820677,2017-01-04 19:43:33.820677,Safety Concerns,0.5
890,48,Mechanic,True,2015-01-11 19:43:33.838678,,,8.66
891,35,Engineer,True,2013-11-30 19:43:33.856661,,,9.77
892,26,Mechanic,True,2017-06-26 19:43:33.873679,,,6.2
893,32,Miner,True,2015-12-19 19:43:33.888679,,,7.72
894,30,Engineer,False,2014-12-05 19:43:33.907660,2015-01-24 19:43:33.907660,Better Opportunities Elsewhere,0.14
895,26,Engineer,True,2021-08-07 19:43:33.927683,,,2.09
896,42,Geologist,True,2022-06-11 19:43:33.949659,,,1.24
897,36,Mechanic,False,2023-01-05 19:43:33.970676,2023-01-29 19:43:33.970676,Better Opportunities Elsewhere,0.07
898,39,Engineer,False,2019-05-19 19:43:33.989676,2020-11-14 19:43:33.989676,Dissatisfaction with Pay,1.49
899,27,Geologist,True,2017-11-10 19:43:34.005679,,,5.83
900,34,Geologist,True,2015-04-01 19:43:34.024679,,,8.44
901,50,Miner,False,2014-09-08 19:43:34.043674,2017-01-01 19:43:34.043674,Retirement,2.32
902,25,Surveyor,True,2021-12-19 19:43:34.066681,,,1.72
903,54,Surveyor,False,2022-08-23 19:43:34.098662,2023-07-16 19:43:34.098662,Better Opportunities Elsewhere,0.9
904,27,Surveyor,True,2014-03-26 19:43:34.122660,,,9.45
905,45,Geologist,True,2018-03-10 19:43:34.149667,,,5.5
906,33,Surveyor,False,2022-06-23 19:43:34.171658,2022-12-08 19:43:34.171658,Dissatisfaction with Pay,0.46
907,32,Miner,True,2019-01-02 19:43:34.195662,,,4.68
908,40,Surveyor,False,2019-03-24 19:43:34.213657,2020-01-11 19:43:34.213657,Dissatisfaction with Pay,0.8
909,35,Surveyor,True,2016-02-26 19:43:34.235660,,,7.53
910,34,Engineer,True,2018-07-14 19:43:34.255663,,,5.15
911,29,Mechanic,False,2014-09-22 19:43:34.279663,2023-07-15 19:43:34.279663,Family Reasons,8.81
912,50,Surveyor,True,2022-03-13 19:43:34.301662,,,1.49
913,47,Geologist,True,2021-05-29 19:43:34.322656,,,2.28
914,51,Engineer,True,2019-09-24 19:43:34.343666,,,3.96
915,38,Surveyor,False,2018-02-19 19:43:34.365665,2021-10-05 19:43:34.365665,Family Reasons,3.62
916,33,Miner,False,2016-08-25 19:43:34.387658,2017-06-26 19:43:34.387658,Family Reasons,0.84
917,31,Miner,False,2014-06-28 19:43:34.408663,2020-10-24 19:43:34.408663,Health Issues,6.32
918,25,Miner,False,2023-06-06 19:43:34.431658,2023-06-29 19:43:34.431658,Family Reasons,0.06
919,36,Geologist,True,2018-10-21 19:43:34.452657,,,4.88
920,60,Miner,False,2023-07-13 19:43:34.471659,2023-08-27 19:43:34.471659,Better Opportunities Elsewhere,0.12
921,54,Mechanic,False,2018-09-19 19:43:34.494661,2022-05-21 19:43:34.494661,Safety Concerns,3.67
922,26,Mechanic,False,2019-05-21 19:43:34.513660,2022-09-21 19:43:34.513660,Relocation,3.34
923,31,Geologist,True,2015-07-22 19:43:34.533658,,,8.13
924,53,Miner,False,2017-07-08 19:43:34.554658,2020-09-17 19:43:34.554658,Safety Concerns,3.2
925,35,Miner,True,2020-12-04 19:43:34.579674,,,2.76
926,32,Miner,False,2019-10-21 19:43:34.598658,2022-12-16 19:43:34.598658,Health Issues,3.15
927,42,Miner,True,2019-05-24 19:43:34.615658,,,4.29
928,33,Engineer,False,2020-09-11 19:43:34.636656,2020-10-13 19:43:34.636656,Better Opportunities Elsewhere,0.09
929,50,Mechanic,False,2015-02-01 19:43:34.657660,2016-12-15 19:43:34.657660,Relocation,1.87
930,36,Geologist,False,2016-06-10 19:43:34.677674,2018-03-27 19:43:34.677674,Safety Concerns,1.79
931,29,Surveyor,False,2016-12-23 19:43:34.699680,2023-05-14 19:43:34.699680,Safety Concerns,6.39
932,29,Miner,True,2023-07-07 19:43:34.720681,,,0.17
933,41,Miner,False,2022-03-05 19:43:34.741677,2023-05-09 19:43:34.741677,Health Issues,1.18
934,26,Engineer,False,2015-06-15 19:43:34.766676,2020-05-06 19:43:34.766676,End of Contract/Project,4.89
935,43,Miner,True,2018-05-20 19:43:34.796663,,,5.3
936,48,Miner,False,2017-04-29 19:43:34.825664,2022-04-01 19:43:34.825664,Safety Concerns,4.92
937,60,Miner,True,2023-07-13 19:43:34.850657,,,0.16
938,35,Miner,False,2023-02-20 19:43:34.875664,2023-04-12 19:43:34.875664,Better Opportunities Elsewhere,0.14
939,33,Miner,False,2018-06-15 19:43:34.898660,2020-04-19 19:43:34.898660,Better Opportunities Elsewhere,1.85
940,53,Geologist,True,2018-03-14 19:43:34.922662,,,5.49
941,51,Engineer,False,2018-03-19 19:43:34.947660,2021-04-05 19:43:34.947660,Health Issues,3.05
942,31,Surveyor,True,2013-10-15 19:43:34.968660,,,9.9
943,52,Miner,False,2018-01-27 19:43:34.988658,2023-02-17 19:43:34.988658,Relocation,5.06
944,53,Engineer,False,2015-01-26 19:43:35.011667,2018-05-06 19:43:35.011667,End of Contract/Project,3.27
945,32,Miner,False,2022-04-22 19:43:35.033657,2022-09-13 19:43:35.033657,Family Reasons,0.39
946,48,Geologist,True,2019-05-24 19:43:35.056658,,,4.29
947,45,Miner,False,2017-02-23 19:43:35.080665,2021-12-17 19:43:35.080665,Dissatisfaction with Pay,4.81
948,39,Geologist,True,2014-06-06 19:43:35.102661,,,9.26
949,59,Geologist,False,2020-06-15 19:43:35.126668,2020-11-25 19:43:35.126668,Relocation,0.45
950,43,Geologist,True,2019-07-13 19:43:35.150660,,,4.16
951,25,Mechanic,True,2023-01-19 19:43:35.170657,,,0.64
952,55,Engineer,True,2023-01-16 19:43:35.196665,,,0.64
953,47,Geologist,True,2015-05-16 19:43:35.219662,,,8.31
954,35,Miner,True,2018-05-06 19:43:35.245662,,,5.34
955,34,Miner,True,2018-02-13 19:43:35.267659,,,5.57
956,51,Engineer,True,2018-10-05 19:43:35.289663,,,4.93
957,46,Miner,False,2018-09-20 19:43:35.313662,2023-06-30 19:43:35.313662,Better Opportunities Elsewhere,4.77
958,42,Miner,True,2022-08-27 19:43:35.335658,,,1.03
959,41,Engineer,True,2019-11-12 19:43:35.358664,,,3.82
960,44,Miner,True,2017-09-12 19:43:35.380661,,,5.99
961,30,Miner,True,2022-03-03 19:43:35.407667,,,1.52
962,39,Miner,False,2019-04-29 19:43:35.430662,2020-09-20 19:43:35.430662,Better Opportunities Elsewhere,1.4
963,25,Mechanic,False,2014-11-14 19:43:35.451663,2018-09-13 19:43:35.451663,End of Contract/Project,3.83
964,47,Geologist,True,2016-11-26 19:43:35.473661,,,6.78
965,41,Engineer,False,2014-06-05 19:43:35.497659,2014-11-06 19:43:35.497659,Safety Concerns,0.42
966,25,Engineer,True,2016-12-25 19:43:35.519662,,,6.7
967,30,Mechanic,False,2017-04-27 19:43:35.543662,2022-03-03 19:43:35.543662,Family Reasons,4.85
968,48,Miner,False,2022-01-21 19:43:35.567660,2022-03-21 19:43:35.567660,Better Opportunities Elsewhere,0.16
969,51,Miner,True,2017-07-04 19:43:35.588656,,,6.18
970,33,Miner,False,2015-05-03 19:43:35.613659,2017-08-13 19:43:35.613659,Better Opportunities Elsewhere,2.28
971,54,Miner,False,2023-07-07 19:43:35.635662,2023-07-09 19:43:35.635662,Better Opportunities Elsewhere,0.01
972,56,Miner,True,2014-02-02 19:43:35.655658,,,9.6
973,55,Geologist,True,2019-10-08 19:43:35.682659,,,3.92
974,33,Miner,False,2017-11-25 19:43:35.705660,2019-09-23 19:43:35.705660,Relocation,1.83
975,45,Mechanic,False,2016-12-21 19:43:35.732664,2020-03-25 19:43:35.732664,End of Contract/Project,3.26
976,59,Engineer,False,2021-10-18 19:43:35.758662,2021-10-20 19:43:35.758662,Better Opportunities Elsewhere,0.01
977,25,Miner,True,2020-01-15 19:43:35.781658,,,3.65
978,32,Engineer,False,2014-03-01 19:43:35.803661,2016-06-28 19:43:35.803661,Relocation,2.33
979,29,Mechanic,True,2020-11-10 19:43:35.833664,,,2.83
980,43,Engineer,False,2017-01-10 19:43:35.855662,2019-01-23 19:43:35.855662,Health Issues,2.03
981,58,Mechanic,False,2023-05-17 19:43:35.878662,2023-06-19 19:43:35.878662,Better Opportunities Elsewhere,0.09
982,41,Engineer,True,2015-03-25 19:43:35.902660,,,8.46
983,45,Engineer,True,2015-07-12 19:43:35.921659,,,8.16
984,45,Mechanic,True,2022-11-27 19:43:35.944663,,,0.78
985,51,Miner,False,2015-02-20 19:43:35.965656,2023-01-04 19:43:35.965656,Relocation,7.87
986,33,Surveyor,False,2015-12-04 19:43:35.986658,2020-01-24 19:43:35.986658,Company Downsizing,4.14
987,26,Geologist,True,2015-01-14 19:43:36.010658,,,8.65
988,57,Miner,False,2013-11-18 19:43:36.032659,2021-03-22 19:43:36.032659,Retirement,7.34
989,30,Mechanic,True,2018-04-02 19:43:36.054658,,,5.43
990,56,Miner,True,2015-04-20 19:43:36.078666,,,8.39
991,37,Miner,False,2016-03-29 19:43:36.101658,2018-05-24 19:43:36.101658,Better Opportunities Elsewhere,2.15
992,47,Engineer,True,2016-11-14 19:43:36.121656,,,6.81
993,28,Geologist,False,2021-07-11 19:43:36.143657,2023-02-14 19:43:36.143657,Safety Concerns,1.6
994,34,Engineer,True,2018-11-14 19:43:36.165665,,,4.82
995,48,Geologist,True,2016-08-15 19:43:36.182659,,,7.06
996,41,Miner,True,2016-11-30 19:43:36.209665,,,6.77
997,36,Surveyor,True,2022-03-02 19:43:36.235660,,,1.52
998,33,Geologist,True,2017-04-20 19:43:36.263663,,,6.38
999,56,Surveyor,False,2014-11-16 19:43:36.287658,2015-11-26 19:43:36.287658,Safety Concerns,1.03
1000,31,Engineer,True,2018-11-19 19:43:36.312662,,,4.8
