WorkerID,Age,Occupation,IsCurrentEmployee,DateJoined,DateLeft,ReasonForLeaving
1,59,Engineer,False,2018-01-05 19:43:15.734217,2022-07-05 19:43:15.734217,Safety Concerns
2,57,Geologist,False,2013-12-07 19:43:15.759216,2022-04-13 19:43:15.759216,Safety Concerns
3,53,Geologist,False,2019-08-23 19:43:15.780213,2022-11-01 19:43:15.780213,Better Opportunities Elsewhere
4,46,Geologist,False,2021-04-25 19:43:15.804239,2023-05-24 19:43:15.804239,Health Issues
5,40,Miner,True,2016-02-07 19:43:15.826239,,
6,40,Engineer,False,2013-09-23 19:43:15.848216,2018-03-26 19:43:15.848216,Better Opportunities Elsewhere
7,54,Engineer,True,2022-10-01 19:43:15.873236,,
8,47,Engineer,True,2015-05-25 19:43:15.893233,,
9,56,Miner,False,2021-07-23 19:43:15.911234,2023-01-15 19:43:15.911234,Relocation
10,27,Geologist,False,2022-10-03 19:43:15.931235,2023-07-10 19:43:15.931235,Safety Concerns
11,31,Surveyor,False,2020-06-18 19:43:15.948234,2020-11-08 19:43:15.948234,Family Reasons
12,51,Miner,True,2014-10-30 19:43:15.972217,,
13,34,Miner,True,2017-02-25 19:43:15.992217,,
14,27,Miner,True,2022-02-10 19:43:16.013213,,
15,50,Engineer,False,2022-09-15 19:43:16.033215,2022-11-11 19:43:16.033215,Better Opportunities Elsewhere
16,51,Miner,False,2021-03-21 19:43:16.051220,2023-01-29 19:43:16.051220,Family Reasons
17,56,Geologist,True,2020-06-09 19:43:16.075212,,
18,43,Geologist,True,2017-04-02 19:43:16.094212,,
19,28,Mechanic,False,2014-07-26 19:43:16.110244,2015-09-27 19:43:16.110244,Family Reasons
20,56,Miner,True,2019-04-13 19:43:16.126241,,
21,48,Surveyor,False,2013-12-23 19:43:16.145238,2023-07-09 19:43:16.145238,Safety Concerns
22,42,Engineer,True,2015-10-24 19:43:16.160234,,
23,27,Miner,True,2021-02-08 19:43:16.185239,,
24,25,Geologist,False,2021-08-22 19:43:16.203233,2023-02-04 19:43:16.203233,Relocation
25,41,Miner,True,2019-09-20 19:43:16.223238,,
26,57,Miner,False,2014-03-18 19:43:16.239240,2021-09-22 19:43:16.239240,Dissatisfaction with Pay
27,52,Miner,False,2018-09-04 19:43:16.255236,2023-05-17 19:43:16.255236,Safety Concerns
28,42,Geologist,False,2020-03-10 19:43:16.271244,2021-10-31 19:43:16.271244,Better Opportunities Elsewhere
29,38,Engineer,False,2017-06-29 19:43:16.292246,2018-05-22 19:43:16.292246,Relocation
30,49,Surveyor,True,2019-11-20 19:43:16.308241,,
31,40,Miner,False,2017-12-23 19:43:16.324247,2021-10-19 19:43:16.324247,Family Reasons
32,38,Miner,True,2023-05-26 19:43:16.346222,,
33,25,Geologist,False,2014-10-07 19:43:16.363313,2017-12-28 19:43:16.363313,Better Opportunities Elsewhere
34,55,Miner,False,2016-09-27 19:43:16.380235,2017-09-07 19:43:16.380235,Health Issues
35,57,Miner,False,2023-06-24 19:43:16.406223,2023-07-13 19:43:16.406223,Family Reasons
36,52,Engineer,False,2017-09-01 19:43:16.430237,2022-09-14 19:43:16.430237,Family Reasons
37,34,Miner,True,2019-03-20 19:43:16.451238,,
38,58,Engineer,False,2016-12-06 19:43:16.468244,2019-10-14 19:43:16.468244,Better Opportunities Elsewhere
39,53,Surveyor,False,2016-11-13 19:43:16.485235,2018-10-13 19:43:16.485235,Safety Concerns
40,34,Miner,False,2022-12-22 19:43:16.501245,2023-08-08 19:43:16.501245,Safety Concerns
41,44,Miner,True,2020-03-22 19:43:16.516245,,
42,34,Engineer,False,2018-02-27 19:43:16.535223,2020-12-18 19:43:16.535223,Health Issues
43,42,Miner,True,2015-06-11 19:43:16.557236,,
44,45,Miner,True,2019-09-16 19:43:16.576237,,
45,45,Mechanic,False,2022-12-10 19:43:16.594215,2023-03-31 19:43:16.594215,Health Issues
46,59,Engineer,False,2021-09-08 19:43:16.615221,2023-05-22 19:43:16.615221,Better Opportunities Elsewhere
47,36,Miner,False,2017-08-03 19:43:16.636234,2023-06-03 19:43:16.636234,Health Issues
48,56,Miner,False,2023-06-21 19:43:16.655216,2023-08-18 19:43:16.655216,Dissatisfaction with Pay
49,53,Miner,False,2015-11-16 19:43:16.675218,2017-02-19 19:43:16.675218,Family Reasons
50,51,Engineer,False,2020-01-21 19:43:16.693237,2022-12-06 19:43:16.693237,Relocation
51,57,Miner,False,2015-09-30 19:43:16.713244,2019-02-18 19:43:16.713244,Better Opportunities Elsewhere
52,38,Miner,True,2018-09-26 19:43:16.734217,,
53,30,Geologist,False,2023-01-16 19:43:16.753236,2023-08-26 19:43:16.753236,Relocation
54,43,Geologist,False,2019-05-10 19:43:16.769232,2020-01-20 19:43:16.769232,Better Opportunities Elsewhere
55,54,Surveyor,True,2013-10-03 19:43:16.785238,,
56,50,Geologist,False,2013-09-19 19:43:16.800236,2020-11-14 19:43:16.800236,Company Downsizing
57,36,Miner,True,2017-07-07 19:43:16.823237,,
58,29,Mechanic,True,2018-02-13 19:43:16.843236,,
59,46,Engineer,False,2023-05-10 19:43:16.860237,2023-06-02 19:43:16.860237,Company Downsizing
60,25,Miner,True,2021-09-16 19:43:16.876235,,
61,54,Miner,False,2023-07-17 19:43:16.896215,2023-08-04 19:43:16.896215,Better Opportunities Elsewhere
62,36,Geologist,True,2021-09-29 19:43:16.917219,,
63,42,Geologist,False,2014-06-10 19:43:16.938211,2015-09-05 19:43:16.938211,End of Contract/Project
64,44,Engineer,True,2019-02-15 19:43:16.961212,,
65,39,Engineer,False,2015-08-03 19:43:16.980212,2016-08-02 19:43:16.980212,Safety Concerns
66,31,Miner,False,2020-02-17 19:43:17.000235,2020-08-11 19:43:17.000235,Safety Concerns
67,34,Engineer,False,2022-08-04 19:43:17.021233,2023-03-26 19:43:17.021233,Company Downsizing
68,50,Surveyor,False,2019-04-30 19:43:17.040234,2023-02-13 19:43:17.040234,Health Issues
69,33,Geologist,False,2021-03-12 19:43:17.057241,2021-09-06 19:43:17.057241,Relocation
70,27,Miner,False,2021-08-09 19:43:17.073236,2023-03-16 19:43:17.073236,Safety Concerns
71,49,Miner,True,2021-10-09 19:43:17.094234,,
72,26,Surveyor,False,2016-10-15 19:43:17.109235,2019-12-12 19:43:17.109235,Better Opportunities Elsewhere
73,58,Surveyor,True,2017-08-06 19:43:17.125234,,
74,37,Miner,True,2015-10-06 19:43:17.142216,,
75,40,Geologist,False,2020-07-02 19:43:17.162235,2021-02-27 19:43:17.162235,Dissatisfaction with Pay
76,51,Miner,False,2017-09-05 19:43:17.178235,2022-08-19 19:43:17.178235,Safety Concerns
77,59,Geologist,False,2016-04-05 19:43:17.206238,2022-09-07 19:43:17.206238,Family Reasons
78,60,Miner,False,2016-09-23 19:43:17.229215,2023-08-03 19:43:17.229215,Safety Concerns
79,25,Geologist,False,2016-02-15 19:43:17.250219,2022-06-22 19:43:17.250219,Better Opportunities Elsewhere
80,31,Miner,False,2019-03-05 19:43:17.273215,2020-03-29 19:43:17.273215,Family Reasons
81,27,Surveyor,False,2016-03-16 19:43:17.291212,2019-11-12 19:43:17.291212,Health Issues
82,48,Miner,False,2023-01-16 19:43:17.314216,2023-03-20 19:43:17.314216,Family Reasons
83,33,Engineer,True,2023-02-23 19:43:17.335218,,
84,34,Miner,True,2016-08-03 19:43:17.355233,,
85,37,Miner,False,2018-10-16 19:43:17.374233,2021-12-16 19:43:17.374233,Better Opportunities Elsewhere
86,36,Miner,True,2020-12-09 19:43:17.393235,,
87,44,Mechanic,False,2016-07-03 19:43:17.414233,2023-05-09 19:43:17.414233,Better Opportunities Elsewhere
88,47,Geologist,True,2017-07-06 19:43:17.436241,,
89,27,Engineer,True,2022-12-07 19:43:17.455216,,
90,41,Geologist,False,2018-02-23 19:43:17.475216,2018-03-15 19:43:17.475216,Better Opportunities Elsewhere
91,54,Miner,False,2016-06-11 19:43:17.493215,2017-07-24 19:43:17.493215,Relocation
92,25,Surveyor,True,2022-01-23 19:43:17.513212,,
93,43,Miner,True,2019-09-12 19:43:17.533212,,
94,50,Engineer,True,2020-02-12 19:43:17.551212,,
95,48,Engineer,False,2021-04-26 19:43:17.570217,2021-10-05 19:43:17.570217,Safety Concerns
96,53,Miner,True,2020-08-04 19:43:17.590212,,
97,26,Engineer,True,2020-03-13 19:43:17.610212,,
98,27,Miner,False,2018-09-15 19:43:17.628212,2023-08-13 19:43:17.628212,Relocation
99,34,Miner,True,2023-02-18 19:43:17.653223,,
100,60,Miner,True,2018-11-17 19:43:17.675216,,
101,31,Geologist,True,2023-06-13 19:43:17.692214,,
102,46,Miner,True,2016-05-13 19:43:17.708215,,
103,29,Miner,True,2022-08-24 19:43:17.727215,,
104,28,Mechanic,True,2020-04-17 19:43:17.747212,,
105,55,Miner,False,2017-11-28 19:43:17.766237,2020-11-19 19:43:17.766237,Health Issues
106,30,Engineer,False,2016-04-13 19:43:17.783235,2017-07-29 19:43:17.783235,Safety Concerns
107,27,Miner,False,2020-06-03 19:43:17.798234,2022-03-15 19:43:17.798234,Family Reasons
108,36,Mechanic,True,2021-09-14 19:43:17.813266,,
109,55,Geologist,False,2018-11-21 19:43:17.831215,2021-10-02 19:43:17.831215,Safety Concerns
110,46,Engineer,False,2014-11-15 19:43:17.852235,2020-10-04 19:43:17.852235,Family Reasons
111,40,Miner,True,2016-04-09 19:43:17.870240,,
112,52,Miner,False,2018-04-21 19:43:17.890234,2022-11-30 19:43:17.890234,Better Opportunities Elsewhere
113,33,Miner,True,2022-01-12 19:43:17.909216,,
114,28,Geologist,True,2015-08-23 19:43:17.928215,,
115,41,Miner,False,2016-11-16 19:43:17.949215,2022-04-21 19:43:17.949215,End of Contract/Project
116,28,Miner,False,2021-12-16 19:43:17.970234,2022-09-23 19:43:17.970234,Better Opportunities Elsewhere
117,38,Engineer,False,2019-01-19 19:43:17.988236,2023-06-02 19:43:17.988236,Better Opportunities Elsewhere
118,56,Geologist,True,2020-06-14 19:43:18.005237,,
119,40,Miner,False,2015-10-16 19:43:18.020232,2017-04-24 19:43:18.020232,Family Reasons
120,48,Miner,True,2014-02-03 19:43:18.038215,,
121,49,Surveyor,True,2013-12-30 19:43:18.060233,,
122,40,Geologist,False,2023-08-12 19:43:18.077324,2023-08-19 19:43:18.077324,Safety Concerns
123,37,Engineer,False,2014-07-27 19:43:18.093236,2016-09-17 19:43:18.093236,Family Reasons
124,40,Engineer,False,2020-06-18 19:43:18.114216,2022-07-23 19:43:18.114216,Health Issues
125,40,Miner,False,2019-06-03 19:43:18.135241,2020-04-01 19:43:18.135241,Better Opportunities Elsewhere
126,59,Surveyor,False,2017-07-04 19:43:18.154215,2019-11-23 19:43:18.154215,Family Reasons
127,54,Engineer,True,2019-09-15 19:43:18.175232,,
128,55,Geologist,False,2016-01-23 19:43:18.193286,2019-10-20 19:43:18.193286,Safety Concerns
129,35,Engineer,False,2014-09-23 19:43:18.212233,2015-07-08 19:43:18.212233,Health Issues
130,54,Geologist,False,2020-11-22 19:43:18.232215,2022-10-08 19:43:18.232215,Family Reasons
131,55,Geologist,True,2022-10-17 19:43:18.255216,,
132,57,Miner,False,2022-09-21 19:43:18.275232,2023-08-19 19:43:18.275232,Company Downsizing
133,37,Miner,True,2014-04-05 19:43:18.295234,,
134,60,Miner,True,2019-10-25 19:43:18.313232,,
135,38,Surveyor,True,2021-04-09 19:43:18.332231,,
136,58,Engineer,False,2016-08-28 19:43:18.351234,2020-07-20 19:43:18.351234,Health Issues
137,29,Miner,True,2017-12-31 19:43:18.369232,,
138,59,Surveyor,True,2016-05-24 19:43:18.391235,,
139,32,Mechanic,True,2017-12-23 19:43:18.409233,,
140,35,Mechanic,True,2014-07-11 19:43:18.429234,,
141,43,Engineer,True,2022-03-18 19:43:18.447233,,
142,40,Engineer,False,2017-09-20 19:43:18.468216,2023-06-13 19:43:18.468216,End of Contract/Project
143,46,Engineer,False,2015-07-28 19:43:18.489214,2019-07-05 19:43:18.489214,Health Issues
144,41,Miner,True,2016-07-29 19:43:18.508215,,
145,42,Miner,False,2015-08-20 19:43:18.526216,2018-06-20 19:43:18.526216,Company Downsizing
146,59,Engineer,False,2014-06-17 19:43:18.546212,2017-01-22 19:43:18.546212,Better Opportunities Elsewhere
147,28,Engineer,True,2017-06-04 19:43:18.565214,,
148,46,Miner,False,2019-06-12 19:43:18.582211,2021-08-21 19:43:18.582211,Dissatisfaction with Pay
149,27,Miner,True,2019-10-12 19:43:18.602211,,
150,50,Miner,True,2018-04-07 19:43:18.622212,,
151,49,Surveyor,False,2019-07-18 19:43:18.640214,2021-12-08 19:43:18.640214,Health Issues
152,40,Geologist,False,2021-09-07 19:43:18.657233,2022-10-15 19:43:18.657233,Health Issues
153,51,Miner,False,2021-11-11 19:43:18.679246,2023-02-03 19:43:18.679246,Better Opportunities Elsewhere
154,38,Mechanic,True,2023-07-31 19:43:18.697239,,
155,54,Mechanic,False,2017-05-14 19:43:18.718235,2018-06-17 19:43:18.718235,Retirement
156,47,Geologist,False,2023-03-31 19:43:18.739215,2023-07-18 19:43:18.739215,Safety Concerns
157,43,Miner,True,2020-04-01 19:43:18.760215,,
158,30,Miner,False,2021-04-09 19:43:18.779214,2022-06-15 19:43:18.779214,Family Reasons
159,25,Miner,True,2018-03-16 19:43:18.797212,,
160,40,Miner,True,2021-04-15 19:43:18.817212,,
161,51,Surveyor,False,2013-12-14 19:43:18.837212,2018-04-14 19:43:18.837212,Family Reasons
162,50,Surveyor,True,2018-05-23 19:43:18.856234,,
163,56,Engineer,False,2022-12-17 19:43:18.876233,2023-08-27 19:43:18.876233,Health Issues
164,34,Geologist,False,2022-10-30 19:43:18.897232,2023-04-15 19:43:18.897232,Safety Concerns
165,45,Miner,False,2016-04-20 19:43:18.918231,2017-02-08 19:43:18.918231,Safety Concerns
166,50,Engineer,False,2017-03-10 19:43:18.937233,2021-08-23 19:43:18.937233,Family Reasons
167,27,Miner,False,2015-06-16 19:43:18.956234,2022-08-17 19:43:18.956234,Retirement
168,46,Surveyor,False,2018-10-24 19:43:18.975216,2022-04-30 19:43:18.975216,Retirement
169,50,Engineer,False,2017-10-11 19:43:18.996234,2021-06-20 19:43:18.996234,Safety Concerns
170,37,Miner,True,2020-02-26 19:43:19.015267,,
171,50,Miner,True,2018-03-21 19:43:19.034215,,
172,58,Miner,False,2017-02-22 19:43:19.052219,2019-12-30 19:43:19.052219,Safety Concerns
173,28,Miner,True,2014-10-19 19:43:19.071212,,
174,40,Miner,False,2016-03-26 19:43:19.090212,2021-06-14 19:43:19.090212,Health Issues
175,53,Geologist,True,2020-03-06 19:43:19.112212,,
176,44,Mechanic,False,2013-11-01 19:43:19.133212,2016-01-08 19:43:19.133212,Company Downsizing
177,33,Mechanic,True,2022-03-29 19:43:19.151212,,
178,54,Engineer,True,2019-09-01 19:43:19.170233,,
179,48,Geologist,True,2014-05-23 19:43:19.189215,,
180,57,Mechanic,False,2018-11-18 19:43:19.207215,2020-10-23 19:43:19.207215,Safety Concerns
181,55,Engineer,True,2017-09-24 19:43:19.226212,,
182,58,Engineer,False,2016-12-21 19:43:19.245212,2018-04-26 19:43:19.245212,Health Issues
183,51,Miner,False,2017-09-16 19:43:19.264211,2021-06-26 19:43:19.264211,Dissatisfaction with Pay
184,53,Surveyor,False,2018-04-11 19:43:19.282237,2018-08-06 19:43:19.282237,Family Reasons
185,52,Mechanic,True,2021-05-22 19:43:19.299236,,
186,29,Engineer,False,2021-04-28 19:43:19.320234,2021-08-11 19:43:19.320234,Relocation
187,42,Engineer,False,2017-04-24 19:43:19.336239,2023-03-01 19:43:19.336239,Better Opportunities Elsewhere
188,47,Engineer,True,2017-12-30 19:43:19.353220,,
189,27,Mechanic,True,2023-02-27 19:43:19.372283,,
190,55,Miner,False,2015-09-14 19:43:19.391245,2017-01-30 19:43:19.391245,Safety Concerns
191,48,Engineer,True,2017-09-10 19:43:19.411234,,
192,48,Surveyor,False,2021-02-06 19:43:19.427237,2023-06-21 19:43:19.427237,End of Contract/Project
193,36,Engineer,True,2021-05-13 19:43:19.448237,,
194,55,Miner,False,2017-12-02 19:43:19.468216,2019-12-20 19:43:19.468216,Better Opportunities Elsewhere
195,45,Engineer,True,2019-07-13 19:43:19.486231,,
196,35,Engineer,True,2013-10-05 19:43:19.503234,,
197,29,Engineer,False,2019-10-19 19:43:19.526224,2022-04-13 19:43:19.526224,Health Issues
198,46,Engineer,False,2014-01-04 19:43:19.551220,2016-02-05 19:43:19.551220,Health Issues
199,53,Miner,True,2017-08-23 19:43:19.574216,,
200,43,Engineer,False,2018-02-17 19:43:19.595218,2021-08-03 19:43:19.595218,Better Opportunities Elsewhere
201,58,Miner,False,2014-09-30 19:43:19.614215,2015-08-10 19:43:19.614215,Family Reasons
202,59,Miner,True,2022-01-28 19:43:19.631214,,
203,45,Engineer,False,2014-11-27 19:43:19.647221,2021-01-24 19:43:19.647221,Safety Concerns
204,59,Geologist,True,2018-06-11 19:43:19.665214,,
205,59,Miner,False,2019-12-03 19:43:19.681215,2022-12-05 19:43:19.681215,Better Opportunities Elsewhere
206,47,Geologist,False,2018-08-17 19:43:19.699213,2018-11-16 19:43:19.699213,Better Opportunities Elsewhere
207,54,Engineer,True,2021-06-29 19:43:19.722213,,
208,43,Miner,True,2016-06-06 19:43:19.747214,,
209,34,Geologist,False,2022-04-14 19:43:19.765217,2022-07-23 19:43:19.765217,Dissatisfaction with Pay
210,52,Miner,True,2021-07-31 19:43:19.783212,,
211,45,Miner,True,2015-03-16 19:43:19.801213,,
212,45,Geologist,True,2017-09-18 19:43:19.824215,,
213,50,Engineer,False,2014-12-04 19:43:19.846229,2017-12-27 19:43:19.846229,Safety Concerns
214,34,Engineer,True,2020-10-14 19:43:19.864216,,
215,32,Engineer,True,2019-06-16 19:43:19.887213,,
216,54,Surveyor,True,2023-04-15 19:43:19.906212,,
217,47,Engineer,True,2019-05-29 19:43:19.924213,,
218,51,Geologist,True,2019-03-10 19:43:19.944214,,
219,30,Mechanic,True,2017-01-03 19:43:19.963219,,
220,56,Miner,False,2016-12-19 19:43:19.983215,2021-02-11 19:43:19.983215,Family Reasons
221,53,Engineer,True,2023-03-25 19:43:20.003217,,
222,40,Miner,True,2019-07-22 19:43:20.024212,,
223,59,Surveyor,True,2015-04-05 19:43:20.045215,,
224,56,Mechanic,True,2019-12-22 19:43:20.066217,,
225,52,Engineer,True,2021-06-22 19:43:20.085215,,
226,44,Miner,False,2019-11-09 19:43:20.102234,2022-08-24 19:43:20.102234,End of Contract/Project
227,60,Mechanic,True,2018-01-15 19:43:20.121233,,
228,40,Miner,False,2022-10-23 19:43:20.140216,2023-01-24 19:43:20.140216,Safety Concerns
229,28,Geologist,True,2017-03-01 19:43:20.163219,,
230,41,Miner,True,2018-05-05 19:43:20.182223,,
231,57,Miner,True,2017-04-30 19:43:20.206214,,
232,28,Surveyor,True,2014-12-30 19:43:20.226231,,
233,39,Geologist,False,2016-03-28 19:43:20.245237,2018-04-02 19:43:20.245237,Family Reasons
234,26,Engineer,False,2022-04-24 19:43:20.269242,2022-07-09 19:43:20.269242,Better Opportunities Elsewhere
235,59,Mechanic,True,2014-12-19 19:43:20.291242,,
236,28,Surveyor,False,2020-12-24 19:43:20.316233,2021-10-20 19:43:20.316233,Relocation
237,27,Miner,False,2021-10-16 19:43:20.336240,2023-01-31 19:43:20.336240,Safety Concerns
238,26,Engineer,False,2018-04-18 19:43:20.354247,2023-07-29 19:43:20.354247,Safety Concerns
239,47,Mechanic,False,2016-12-03 19:43:20.379235,2017-11-11 19:43:20.379235,Family Reasons
240,27,Miner,True,2014-08-11 19:43:20.397240,,
241,39,Surveyor,False,2017-10-20 19:43:20.418235,2020-08-18 19:43:20.418235,Health Issues
242,59,Miner,True,2014-10-13 19:43:20.438233,,
243,55,Geologist,True,2014-03-04 19:43:20.458244,,
244,28,Geologist,False,2023-02-07 19:43:20.479240,2023-04-26 19:43:20.479240,Safety Concerns
245,53,Miner,False,2023-07-02 19:43:20.501239,2023-07-21 19:43:20.501239,Health Issues
246,30,Miner,True,2018-04-27 19:43:20.520236,,
247,31,Miner,True,2017-12-15 19:43:20.540233,,
248,51,Mechanic,False,2019-11-27 19:43:20.560237,2023-07-23 19:43:20.560237,Safety Concerns
249,34,Geologist,True,2022-11-01 19:43:20.586234,,
250,31,Geologist,True,2016-04-21 19:43:20.605215,,
251,48,Geologist,True,2015-11-05 19:43:20.624215,,
252,34,Miner,True,2015-09-09 19:43:20.644212,,
253,50,Miner,False,2014-05-30 19:43:20.663215,2014-07-25 19:43:20.663215,Better Opportunities Elsewhere
254,45,Miner,False,2022-10-25 19:43:20.683216,2023-06-01 19:43:20.683216,Health Issues
255,25,Engineer,True,2015-03-04 19:43:20.703218,,
256,49,Engineer,True,2015-09-28 19:43:20.723216,,
257,31,Miner,True,2021-11-05 19:43:20.745213,,
258,27,Mechanic,False,2022-06-11 19:43:20.767213,2022-09-23 19:43:20.767213,Family Reasons
259,28,Engineer,False,2018-11-23 19:43:20.792213,2021-01-16 19:43:20.792213,Family Reasons
260,34,Surveyor,False,2020-09-02 19:43:20.811217,2022-03-12 19:43:20.811217,Better Opportunities Elsewhere
261,28,Miner,True,2023-03-10 19:43:20.831219,,
262,44,Engineer,True,2017-02-10 19:43:20.854218,,
263,51,Miner,True,2022-08-31 19:43:20.876216,,
264,39,Engineer,True,2017-03-14 19:43:20.898226,,
265,39,Engineer,True,2013-10-20 19:43:20.921216,,
266,41,Miner,True,2017-08-09 19:43:20.945218,,
267,26,Miner,True,2016-05-05 19:43:20.969217,,
268,30,Surveyor,False,2021-06-14 19:43:20.989217,2023-07-22 19:43:20.989217,Family Reasons
269,27,Mechanic,False,2019-12-10 19:43:21.010218,2020-06-20 19:43:21.010218,Better Opportunities Elsewhere
270,37,Mechanic,False,2017-08-17 19:43:21.031219,2022-08-03 19:43:21.031219,Safety Concerns
271,43,Miner,True,2020-04-08 19:43:21.054223,,
272,25,Engineer,True,2017-02-17 19:43:21.075214,,
273,32,Miner,True,2017-12-31 19:43:21.095216,,
274,46,Engineer,True,2021-07-03 19:43:21.118217,,
275,44,Miner,True,2021-04-23 19:43:21.138216,,
276,31,Miner,False,2019-10-21 19:43:21.160214,2021-09-10 19:43:21.160214,Family Reasons
277,54,Miner,True,2018-12-07 19:43:21.187219,,
278,48,Engineer,True,2019-04-30 19:43:21.208214,,
279,35,Engineer,False,2020-03-17 19:43:21.229214,2020-08-21 19:43:21.229214,Safety Concerns
280,39,Engineer,False,2014-04-24 19:43:21.249215,2022-03-27 19:43:21.249215,Safety Concerns
281,52,Engineer,True,2020-01-13 19:43:21.273219,,
282,49,Miner,False,2018-08-25 19:43:21.300217,2022-11-30 19:43:21.300217,Relocation
283,54,Miner,True,2014-06-09 19:43:21.323227,,
284,33,Geologist,True,2015-05-08 19:43:21.348219,,
285,31,Engineer,True,2020-09-12 19:43:21.374219,,
286,55,Engineer,True,2020-10-13 19:43:21.396213,,
287,60,Engineer,True,2017-01-30 19:43:21.422212,,
288,38,Miner,False,2018-09-15 19:43:21.446213,2023-01-04 19:43:21.446213,Company Downsizing
289,57,Surveyor,False,2018-11-15 19:43:21.470216,2022-10-03 19:43:21.470216,Safety Concerns
290,56,Engineer,False,2014-08-07 19:43:21.491214,2018-08-07 19:43:21.491214,Family Reasons
291,42,Surveyor,True,2019-07-10 19:43:21.511213,,
292,42,Miner,False,2014-09-05 19:43:21.533247,2015-01-21 19:43:21.533247,End of Contract/Project
293,45,Engineer,False,2018-06-26 19:43:21.555243,2021-09-20 19:43:21.555243,Health Issues
294,26,Geologist,False,2020-12-10 19:43:21.576248,2021-06-15 19:43:21.576248,Relocation
295,28,Geologist,True,2017-10-13 19:43:21.600222,,
296,54,Surveyor,True,2014-02-09 19:43:21.620237,,
297,56,Surveyor,False,2014-07-29 19:43:21.642215,2015-02-06 19:43:21.642215,Family Reasons
298,54,Geologist,False,2013-10-18 19:43:21.666222,2015-09-28 19:43:21.666222,Relocation
299,35,Miner,True,2016-04-04 19:43:21.688214,,
300,47,Engineer,True,2023-03-10 19:43:21.709219,,
301,51,Geologist,False,2023-06-11 19:43:21.730215,2023-08-26 19:43:21.730215,Safety Concerns
302,38,Engineer,True,2020-03-28 19:43:21.749213,,
303,39,Miner,True,2017-11-23 19:43:21.768216,,
304,29,Engineer,True,2019-09-06 19:43:21.791214,,
305,48,Geologist,False,2020-07-06 19:43:21.819216,2022-03-05 19:43:21.819216,Safety Concerns
306,44,Engineer,False,2018-06-25 19:43:21.844213,2019-02-26 19:43:21.844213,Dissatisfaction with Pay
307,59,Surveyor,False,2018-04-13 19:43:21.870219,2022-04-11 19:43:21.870219,End of Contract/Project
308,55,Geologist,True,2022-09-27 19:43:21.896216,,
309,34,Miner,False,2015-08-07 19:43:21.919218,2019-10-25 19:43:21.919218,Safety Concerns
310,48,Engineer,True,2016-01-13 19:43:21.941214,,
311,33,Miner,False,2021-06-29 19:43:21.963217,2022-07-10 19:43:21.963217,Retirement
312,30,Surveyor,True,2016-10-01 19:43:21.987216,,
313,36,Miner,True,2015-04-05 19:43:22.007216,,
314,45,Surveyor,True,2018-05-04 19:43:22.028213,,
315,36,Engineer,False,2022-07-30 19:43:22.052218,2023-04-29 19:43:22.052218,Safety Concerns
316,44,Mechanic,True,2018-06-27 19:43:22.075216,,
317,30,Geologist,False,2022-06-22 19:43:22.097218,2022-07-06 19:43:22.097218,Safety Concerns
318,39,Mechanic,False,2016-05-18 19:43:22.120216,2022-03-22 19:43:22.120216,Relocation
319,29,Mechanic,True,2021-10-03 19:43:22.141214,,
320,30,Engineer,False,2017-09-02 19:43:22.164220,2018-02-08 19:43:22.164220,Better Opportunities Elsewhere
321,60,Miner,False,2023-03-07 19:43:22.184218,2023-06-15 19:43:22.184218,Health Issues
322,40,Engineer,True,2021-12-12 19:43:22.204214,,
323,36,Miner,False,2015-03-25 19:43:22.228218,2019-11-21 19:43:22.228218,Better Opportunities Elsewhere
324,25,Miner,True,2014-09-21 19:43:22.255216,,
325,35,Miner,False,2021-11-15 19:43:22.278218,2022-01-18 19:43:22.278218,Better Opportunities Elsewhere
326,52,Surveyor,False,2020-06-12 19:43:22.302217,2021-07-28 19:43:22.302217,Better Opportunities Elsewhere
327,58,Engineer,False,2019-10-31 19:43:22.325214,2022-01-06 19:43:22.325214,Family Reasons
328,44,Miner,False,2016-09-01 19:43:22.344213,2021-03-11 19:43:22.344213,Relocation
329,55,Miner,True,2022-06-19 19:43:22.366216,,
330,41,Mechanic,False,2016-09-07 19:43:22.384215,2022-04-24 19:43:22.384215,Better Opportunities Elsewhere
331,52,Mechanic,False,2021-12-08 19:43:22.403235,2023-07-01 19:43:22.403235,Health Issues
332,27,Mechanic,True,2017-08-21 19:43:22.424233,,
333,30,Surveyor,False,2014-07-21 19:43:22.444240,2016-10-15 19:43:22.444240,Health Issues
334,37,Surveyor,True,2023-05-12 19:43:22.466239,,
335,56,Miner,True,2023-07-29 19:43:22.487219,,
336,38,Engineer,True,2017-12-29 19:43:22.511236,,
337,51,Mechanic,False,2023-05-09 19:43:22.532244,2023-06-18 19:43:22.532244,Better Opportunities Elsewhere
338,39,Engineer,True,2023-07-17 19:43:22.551243,,
339,50,Engineer,True,2014-06-13 19:43:22.572217,,
340,31,Miner,True,2017-06-20 19:43:22.594232,,
341,44,Miner,False,2023-05-24 19:43:22.615233,2023-07-16 19:43:22.615233,Company Downsizing
342,58,Engineer,True,2015-04-10 19:43:22.632236,,
343,34,Miner,True,2018-05-24 19:43:22.650217,,
344,43,Miner,True,2021-05-12 19:43:22.672240,,
345,47,Engineer,True,2022-10-19 19:43:22.700243,,
346,55,Miner,False,2018-12-26 19:43:22.724220,2020-03-30 19:43:22.724220,Better Opportunities Elsewhere
347,42,Engineer,False,2023-03-30 19:43:22.745218,2023-05-13 19:43:22.745218,Health Issues
348,37,Geologist,False,2014-08-22 19:43:22.767218,2015-10-11 19:43:22.767218,Company Downsizing
349,33,Miner,True,2018-04-22 19:43:22.785212,,
350,47,Engineer,False,2020-05-17 19:43:22.803215,2021-04-01 19:43:22.803215,Better Opportunities Elsewhere
351,55,Miner,False,2019-11-28 19:43:22.823215,2020-08-20 19:43:22.823215,Safety Concerns
352,26,Geologist,False,2018-09-28 19:43:22.842215,2021-02-16 19:43:22.842215,Safety Concerns
353,34,Surveyor,True,2014-01-02 19:43:22.860214,,
354,25,Surveyor,True,2023-05-26 19:43:22.877214,,
355,47,Engineer,False,2018-09-28 19:43:22.901212,2022-03-23 19:43:22.901212,Dissatisfaction with Pay
356,37,Miner,False,2014-10-14 19:43:22.921214,2019-08-05 19:43:22.921214,Dissatisfaction with Pay
357,43,Geologist,True,2020-04-21 19:43:22.941211,,
358,26,Geologist,False,2021-03-15 19:43:22.962219,2023-03-15 19:43:22.962219,Family Reasons
359,55,Mechanic,True,2020-10-10 19:43:22.979218,,
360,43,Mechanic,False,2021-03-13 19:43:22.999234,2023-06-25 19:43:22.999234,Better Opportunities Elsewhere
361,54,Miner,False,2015-01-06 19:43:23.018469,2022-12-06 19:43:23.018469,Family Reasons
362,26,Miner,True,2013-11-18 19:43:23.036233,,
363,31,Geologist,True,2015-06-10 19:43:23.052235,,
364,41,Surveyor,True,2014-11-13 19:43:23.080217,,
365,25,Engineer,True,2018-04-23 19:43:23.110216,,
366,34,Miner,True,2015-10-16 19:43:23.137216,,
367,60,Engineer,True,2022-10-27 19:43:23.164228,,
368,34,Miner,True,2019-08-04 19:43:23.199220,,
369,52,Miner,False,2020-09-16 19:43:23.227221,2023-09-01 19:43:23.227221,Safety Concerns
370,53,Surveyor,True,2022-10-22 19:43:23.253219,,
371,29,Engineer,True,2019-12-30 19:43:23.278215,,
372,52,Mechanic,True,2013-10-01 19:43:23.306217,,
373,50,Geologist,True,2018-08-05 19:43:23.334224,,
374,43,Mechanic,False,2019-07-10 19:43:23.356217,2019-11-18 19:43:23.356217,Relocation
375,41,Miner,False,2017-08-13 19:43:23.379222,2021-03-04 19:43:23.379222,Health Issues
376,40,Engineer,True,2019-08-05 19:43:23.400220,,
377,49,Geologist,True,2021-08-29 19:43:23.422226,,
378,50,Surveyor,False,2020-06-07 19:43:23.443216,2020-10-04 19:43:23.443216,Safety Concerns
379,49,Miner,False,2019-09-17 19:43:23.465217,2020-07-15 19:43:23.465217,Better Opportunities Elsewhere
380,38,Miner,False,2015-08-17 19:43:23.489216,2015-11-26 19:43:23.489216,Safety Concerns
381,44,Geologist,False,2016-12-27 19:43:23.514228,2022-01-02 19:43:23.514228,Retirement
382,40,Engineer,False,2019-07-01 19:43:23.536222,2020-08-06 19:43:23.536222,Company Downsizing
383,57,Miner,True,2014-07-21 19:43:23.557213,,
384,47,Engineer,True,2023-03-30 19:43:23.577218,,
385,31,Miner,True,2022-03-03 19:43:23.605215,,
386,47,Engineer,False,2015-03-15 19:43:23.627220,2020-02-09 19:43:23.627220,Family Reasons
387,57,Miner,True,2018-08-19 19:43:23.654221,,
388,56,Engineer,True,2015-09-06 19:43:23.680222,,
389,30,Geologist,False,2023-03-12 19:43:23.703217,2023-04-24 19:43:23.703217,Better Opportunities Elsewhere
390,25,Miner,False,2015-08-28 19:43:23.728221,2016-02-28 19:43:23.728221,End of Contract/Project
391,30,Surveyor,False,2021-07-30 19:43:23.756222,2022-01-13 19:43:23.756222,Better Opportunities Elsewhere
392,58,Surveyor,True,2016-10-04 19:43:23.784218,,
393,26,Miner,False,2015-02-25 19:43:23.804219,2019-01-12 19:43:23.804219,Better Opportunities Elsewhere
394,50,Miner,True,2020-01-29 19:43:23.827222,,
395,52,Mechanic,True,2022-03-02 19:43:23.848219,,
396,48,Mechanic,False,2017-09-18 19:43:23.869216,2018-06-24 19:43:23.869216,Better Opportunities Elsewhere
397,34,Geologist,True,2021-05-04 19:43:23.888219,,
398,50,Miner,False,2021-03-23 19:43:23.907214,2021-07-11 19:43:23.907214,Better Opportunities Elsewhere
399,42,Mechanic,False,2015-02-23 19:43:23.930231,2015-08-01 19:43:23.930231,Family Reasons
400,28,Surveyor,False,2019-10-04 19:43:23.952219,2020-04-24 19:43:23.952219,Health Issues
401,40,Geologist,True,2016-06-12 19:43:23.973213,,
402,57,Miner,True,2015-06-28 19:43:23.995216,,
403,27,Miner,False,2021-05-18 19:43:24.016217,2022-06-09 19:43:24.016217,Health Issues
404,25,Geologist,False,2021-04-26 19:43:24.035216,2022-10-08 19:43:24.035216,Dissatisfaction with Pay
405,38,Miner,False,2021-02-24 19:43:24.054221,2022-03-04 19:43:24.054221,Relocation
406,54,Mechanic,False,2014-09-22 19:43:24.074216,2022-01-16 19:43:24.074216,Safety Concerns
407,30,Surveyor,True,2021-04-05 19:43:24.091221,,
408,43,Geologist,True,2020-07-03 19:43:24.111216,,
409,46,Engineer,False,2016-07-06 19:43:24.136212,2018-09-22 19:43:24.136212,Health Issues
410,51,Miner,True,2020-12-21 19:43:24.155219,,
411,42,Miner,True,2019-05-27 19:43:24.174214,,
412,26,Mechanic,False,2014-02-10 19:43:24.199225,2019-10-22 19:43:24.199225,Dissatisfaction with Pay
413,48,Engineer,False,2016-05-08 19:43:24.223221,2021-03-05 19:43:24.223221,Health Issues
414,33,Surveyor,True,2014-05-22 19:43:24.248218,,
415,43,Engineer,True,2019-07-25 19:43:24.271216,,
416,29,Surveyor,True,2017-12-21 19:43:24.294220,,
417,33,Engineer,False,2017-01-14 19:43:24.318217,2023-02-14 19:43:24.318217,Relocation
418,28,Miner,True,2014-07-10 19:43:24.342212,,
419,50,Mechanic,True,2018-06-27 19:43:24.364222,,
420,29,Miner,True,2017-03-12 19:43:24.386220,,
421,27,Engineer,True,2020-06-14 19:43:24.408213,,
422,57,Engineer,False,2017-01-18 19:43:24.427220,2017-07-01 19:43:24.427220,Relocation
423,42,Miner,False,2015-02-19 19:43:24.450225,2017-11-26 19:43:24.450225,Health Issues
424,40,Miner,True,2022-05-19 19:43:24.471219,,
425,37,Surveyor,False,2019-10-24 19:43:24.491216,2020-03-07 19:43:24.491216,Safety Concerns
426,40,Miner,False,2022-10-17 19:43:24.518217,2023-05-29 19:43:24.518217,Safety Concerns
427,39,Miner,True,2014-08-24 19:43:24.540213,,
428,36,Miner,False,2021-11-11 19:43:24.559213,2022-12-05 19:43:24.559213,Dissatisfaction with Pay
429,45,Miner,True,2023-06-27 19:43:24.581220,,
430,50,Engineer,False,2014-11-17 19:43:24.599219,2017-03-03 19:43:24.599219,Relocation
431,58,Surveyor,True,2013-11-10 19:43:24.617213,,
432,53,Surveyor,True,2015-07-07 19:43:24.634213,,
433,41,Engineer,False,2018-09-10 19:43:24.654212,2022-10-23 19:43:24.654212,Safety Concerns
434,60,Engineer,False,2018-09-17 19:43:24.674212,2018-12-02 19:43:24.674212,Better Opportunities Elsewhere
435,33,Miner,True,2022-12-28 19:43:24.693215,,
436,29,Miner,True,2021-09-06 19:43:24.712216,,
437,31,Geologist,True,2021-03-16 19:43:24.731220,,
438,47,Miner,True,2016-02-12 19:43:24.752219,,
439,56,Geologist,True,2015-01-13 19:43:24.773218,,
440,44,Engineer,False,2016-08-25 19:43:24.792213,2020-02-26 19:43:24.792213,Safety Concerns
441,29,Miner,False,2020-12-17 19:43:24.810213,2023-02-18 19:43:24.810213,Better Opportunities Elsewhere
442,26,Mechanic,False,2023-08-04 19:43:24.829219,2023-08-15 19:43:24.829219,Health Issues
443,47,Miner,True,2021-01-10 19:43:24.850221,,
444,30,Engineer,False,2021-02-06 19:43:24.870246,2022-02-05 19:43:24.870246,Better Opportunities Elsewhere
445,46,Mechanic,False,2019-12-31 19:43:24.893221,2020-08-13 19:43:24.893221,Safety Concerns
446,32,Miner,False,2022-07-20 19:43:24.912231,2023-03-19 19:43:24.912231,Safety Concerns
447,48,Engineer,True,2019-04-05 19:43:24.929215,,
448,60,Engineer,False,2016-08-12 19:43:24.946220,2020-02-24 19:43:24.946220,Retirement
449,55,Miner,True,2019-08-04 19:43:24.968240,,
450,44,Engineer,False,2020-08-29 19:43:24.986220,2023-01-03 19:43:24.986220,Health Issues
451,56,Geologist,True,2014-12-10 19:43:25.003216,,
452,55,Mechanic,True,2019-08-13 19:43:25.024220,,
453,43,Geologist,False,2022-09-19 19:43:25.043225,2023-05-30 19:43:25.043225,Safety Concerns
454,31,Engineer,True,2015-06-01 19:43:25.068221,,
455,37,Miner,True,2014-10-03 19:43:25.093222,,
456,30,Miner,False,2018-09-07 19:43:25.119222,2022-01-31 19:43:25.119222,Retirement
457,44,Miner,False,2017-01-21 19:43:25.144217,2021-09-04 19:43:25.144217,Family Reasons
458,39,Miner,True,2023-07-25 19:43:25.173212,,
459,41,Engineer,True,2018-03-04 19:43:25.202220,,
460,28,Miner,False,2021-07-01 19:43:25.225215,2023-02-27 19:43:25.225215,Safety Concerns
461,50,Miner,False,2018-07-08 19:43:25.247230,2020-02-01 19:43:25.247230,Better Opportunities Elsewhere
462,59,Surveyor,True,2015-11-27 19:43:25.274213,,
463,44,Engineer,True,2022-06-07 19:43:25.295217,,
464,26,Miner,False,2013-09-17 19:43:25.317218,2023-01-25 19:43:25.317218,End of Contract/Project
465,51,Miner,True,2018-06-21 19:43:25.339226,,
466,50,Miner,True,2021-06-22 19:43:25.362220,,
467,39,Miner,True,2023-03-03 19:43:25.390220,,
468,48,Surveyor,True,2019-02-28 19:43:25.416218,,
469,53,Miner,False,2021-11-07 19:43:25.436220,2023-04-26 19:43:25.436220,Relocation
470,53,Mechanic,False,2014-11-19 19:43:25.456220,2014-12-19 19:43:25.456220,Better Opportunities Elsewhere
471,57,Geologist,False,2018-09-14 19:43:25.477223,2023-05-30 19:43:25.477223,Safety Concerns
472,58,Mechanic,False,2013-10-14 19:43:25.501217,2023-08-08 19:43:25.501217,Health Issues
473,54,Mechanic,True,2016-01-03 19:43:25.525217,,
474,38,Miner,True,2014-11-14 19:43:25.548219,,
475,46,Geologist,True,2017-07-01 19:43:25.570220,,
476,59,Miner,True,2020-02-09 19:43:25.593218,,
477,52,Miner,True,2018-01-24 19:43:25.617220,,
478,29,Mechanic,False,2019-01-13 19:43:25.640216,2019-11-07 19:43:25.640216,Family Reasons
479,43,Miner,False,2017-09-02 19:43:25.662223,2019-02-19 19:43:25.662223,Family Reasons
480,54,Miner,False,2014-06-20 19:43:25.684217,2022-05-06 19:43:25.684217,Company Downsizing
481,26,Mechanic,True,2021-05-07 19:43:25.706216,,
482,58,Surveyor,True,2017-09-11 19:43:25.728215,,
483,47,Surveyor,False,2015-05-05 19:43:25.748224,2022-05-22 19:43:25.748224,End of Contract/Project
484,35,Surveyor,False,2015-02-08 19:43:25.770212,2021-04-05 19:43:25.770212,Family Reasons
485,27,Miner,True,2021-12-10 19:43:25.792215,,
486,31,Miner,True,2019-09-19 19:43:25.813217,,
487,46,Engineer,False,2018-07-10 19:43:25.835222,2019-10-26 19:43:25.835222,Family Reasons
488,34,Miner,True,2017-04-22 19:43:25.856217,,
489,60,Miner,False,2016-07-15 19:43:25.877220,2019-12-11 19:43:25.877220,Better Opportunities Elsewhere
490,43,Engineer,True,2017-09-24 19:43:25.900218,,
491,59,Miner,False,2017-02-12 19:43:25.931220,2021-06-15 19:43:25.931220,Health Issues
492,56,Engineer,True,2014-06-09 19:43:25.955221,,
493,53,Miner,True,2021-08-03 19:43:25.979226,,
494,44,Miner,False,2014-05-29 19:43:26.002219,2021-07-23 19:43:26.002219,Health Issues
495,57,Miner,True,2019-01-06 19:43:26.029219,,
496,43,Mechanic,False,2017-06-02 19:43:26.054219,2021-03-23 19:43:26.054219,Relocation
497,25,Miner,True,2014-01-17 19:43:26.077212,,
498,37,Engineer,True,2015-06-23 19:43:26.101222,,
499,48,Miner,False,2016-07-22 19:43:26.124216,2022-06-23 19:43:26.124216,Better Opportunities Elsewhere
500,29,Geologist,False,2022-09-18 19:43:26.143214,2023-06-04 19:43:26.143214,Safety Concerns
501,33,Miner,False,2013-11-12 19:43:26.170217,2023-02-01 19:43:26.170217,Better Opportunities Elsewhere
502,32,Miner,True,2019-07-18 19:43:26.192212,,
503,30,Engineer,False,2016-03-03 19:43:26.215219,2018-11-24 19:43:26.215219,Better Opportunities Elsewhere
504,30,Mechanic,True,2013-12-14 19:43:26.239214,,
505,51,Engineer,True,2021-07-11 19:43:26.260217,,
506,45,Engineer,False,2015-08-17 19:43:26.282218,2020-11-04 19:43:26.282218,Dissatisfaction with Pay
507,59,Miner,True,2013-12-08 19:43:26.306213,,
508,30,Engineer,True,2014-11-21 19:43:26.326213,,
509,33,Engineer,False,2014-12-17 19:43:26.347221,2018-01-14 19:43:26.347221,Family Reasons
510,49,Miner,True,2014-01-07 19:43:26.369217,,
511,54,Mechanic,True,2019-03-06 19:43:26.391213,,
512,46,Miner,False,2022-08-27 19:43:26.412224,2022-09-06 19:43:26.412224,Company Downsizing
513,30,Miner,True,2016-05-18 19:43:26.436219,,
514,52,Miner,True,2013-12-31 19:43:26.459217,,
515,42,Miner,True,2021-10-27 19:43:26.484225,,
516,57,Miner,True,2017-05-04 19:43:26.507213,,
517,40,Miner,False,2021-11-17 19:43:26.527215,2023-03-29 19:43:26.527215,Better Opportunities Elsewhere
518,42,Miner,True,2015-11-25 19:43:26.552222,,
519,55,Miner,True,2019-06-04 19:43:26.572213,,
520,46,Surveyor,False,2021-09-18 19:43:26.593217,2022-01-19 19:43:26.593217,Safety Concerns
521,46,Miner,True,2023-07-09 19:43:26.617220,,
522,47,Miner,False,2019-01-04 19:43:26.638218,2019-12-09 19:43:26.638218,Health Issues
523,30,Surveyor,False,2019-04-01 19:43:26.668221,2023-03-01 19:43:26.668221,Family Reasons
524,39,Miner,False,2021-02-28 19:43:26.690216,2021-12-06 19:43:26.690216,Dissatisfaction with Pay
525,54,Engineer,False,2020-02-06 19:43:26.717225,2022-12-17 19:43:26.717225,Safety Concerns
526,49,Miner,True,2022-12-27 19:43:26.741214,,
527,30,Miner,False,2015-04-08 19:43:26.766220,2017-11-15 19:43:26.766220,Family Reasons
528,45,Miner,True,2021-11-25 19:43:26.792212,,
529,42,Geologist,True,2016-02-14 19:43:26.813225,,
530,52,Miner,False,2019-12-03 19:43:26.832213,2023-07-04 19:43:26.832213,Safety Concerns
531,26,Miner,True,2023-03-16 19:43:26.854247,,
532,39,Miner,True,2017-10-25 19:43:26.876234,,
533,27,Engineer,True,2023-07-05 19:43:26.899218,,
534,48,Engineer,True,2022-07-16 19:43:26.920228,,
535,55,Miner,True,2017-11-08 19:43:26.945225,,
536,30,Miner,False,2018-06-19 19:43:26.964220,2021-10-21 19:43:26.964220,Company Downsizing
537,42,Miner,True,2017-08-07 19:43:26.985244,,
538,40,Geologist,False,2016-11-07 19:43:27.005241,2020-06-09 19:43:27.005241,Family Reasons
539,26,Surveyor,False,2016-04-23 19:43:27.028217,2018-01-17 19:43:27.028217,Family Reasons
540,55,Miner,False,2017-02-12 19:43:27.048229,2020-09-05 19:43:27.048229,Better Opportunities Elsewhere
541,42,Miner,False,2018-09-02 19:43:27.067228,2021-08-03 19:43:27.067228,Health Issues
542,40,Engineer,True,2023-03-17 19:43:27.091232,,
543,38,Geologist,True,2015-12-13 19:43:27.112217,,
544,37,Engineer,True,2015-06-24 19:43:27.130215,,
545,52,Surveyor,False,2023-02-13 19:43:27.146215,2023-07-15 19:43:27.146215,Better Opportunities Elsewhere
546,41,Miner,False,2021-01-28 19:43:27.175217,2022-07-02 19:43:27.175217,Family Reasons
547,40,Engineer,False,2022-09-22 19:43:27.198212,2023-07-06 19:43:27.198212,Relocation
548,45,Geologist,True,2017-09-30 19:43:27.219213,,
549,46,Miner,False,2022-08-06 19:43:27.239215,2023-04-23 19:43:27.239215,Better Opportunities Elsewhere
550,40,Miner,True,2023-08-06 19:43:27.258219,,
551,29,Engineer,True,2023-03-01 19:43:27.280216,,
552,56,Miner,False,2018-08-01 19:43:27.303215,2022-04-15 19:43:27.303215,Health Issues
553,38,Miner,False,2018-06-02 19:43:27.326237,2021-02-18 19:43:27.326237,Health Issues
554,53,Miner,True,2021-07-21 19:43:27.347233,,
555,30,Engineer,False,2014-01-30 19:43:27.369218,2014-01-30 19:43:27.369218,Relocation
556,40,Engineer,True,2023-05-01 19:43:27.391234,,
557,40,Miner,False,2019-12-29 19:43:27.412235,2023-05-20 19:43:27.412235,Dissatisfaction with Pay
558,50,Geologist,True,2019-12-08 19:43:27.432237,,
559,59,Miner,True,2015-04-06 19:43:27.452235,,
560,29,Surveyor,True,2016-03-20 19:43:27.470233,,
561,59,Surveyor,True,2016-12-07 19:43:27.490232,,
562,40,Miner,True,2020-10-14 19:43:27.513217,,
563,43,Engineer,True,2018-07-26 19:43:27.531233,,
564,29,Miner,False,2023-03-24 19:43:27.550233,2023-05-27 19:43:27.550233,Safety Concerns
565,34,Miner,False,2020-03-13 19:43:27.572235,2021-12-23 19:43:27.572235,Family Reasons
566,54,Miner,False,2020-11-02 19:43:27.593219,2021-03-14 19:43:27.593219,Relocation
567,44,Geologist,False,2022-08-19 19:43:27.614234,2022-09-11 19:43:27.614234,Relocation
568,53,Miner,True,2016-02-14 19:43:27.634234,,
569,38,Miner,True,2017-06-17 19:43:27.653215,,
570,56,Surveyor,False,2022-02-04 19:43:27.676234,2022-12-20 19:43:27.676234,Better Opportunities Elsewhere
571,40,Miner,False,2017-02-16 19:43:27.696235,2023-01-02 19:43:27.696235,Safety Concerns
572,58,Surveyor,True,2019-12-23 19:43:27.718238,,
573,40,Geologist,False,2018-10-18 19:43:27.741232,2020-03-27 19:43:27.741232,Safety Concerns
574,51,Geologist,False,2014-12-27 19:43:27.762234,2022-12-04 19:43:27.762234,Safety Concerns
575,53,Surveyor,True,2013-11-26 19:43:27.782215,,
576,33,Engineer,True,2017-09-21 19:43:27.802276,,
577,50,Engineer,True,2015-11-04 19:43:27.821216,,
578,44,Mechanic,False,2019-04-11 19:43:27.841212,2019-05-26 19:43:27.841212,Health Issues
579,53,Geologist,False,2016-10-10 19:43:27.861215,2022-06-08 19:43:27.861215,Better Opportunities Elsewhere
580,49,Geologist,False,2017-01-12 19:43:27.882215,2021-06-17 19:43:27.882215,Safety Concerns
581,25,Miner,False,2019-07-14 19:43:27.901212,2019-10-14 19:43:27.901212,Relocation
582,37,Mechanic,False,2019-05-15 19:43:27.924237,2022-08-22 19:43:27.924237,End of Contract/Project
583,26,Miner,True,2018-11-15 19:43:27.947319,,
584,29,Engineer,True,2021-10-16 19:43:27.967233,,
585,41,Miner,False,2022-03-18 19:43:27.986231,2023-07-12 19:43:27.986231,Family Reasons
586,28,Mechanic,True,2022-08-15 19:43:28.005234,,
587,39,Miner,True,2018-07-30 19:43:28.025234,,
588,44,Surveyor,True,2014-05-30 19:43:28.043238,,
589,44,Surveyor,False,2020-07-23 19:43:28.060244,2022-02-11 19:43:28.060244,Safety Concerns
590,34,Miner,True,2022-09-09 19:43:28.076235,,
591,31,Miner,False,2020-10-26 19:43:28.094231,2022-11-26 19:43:28.094231,Relocation
592,28,Miner,True,2014-09-17 19:43:28.115232,,
593,27,Mechanic,False,2023-07-14 19:43:28.137215,2023-08-26 19:43:28.137215,End of Contract/Project
594,29,Engineer,True,2022-12-18 19:43:28.161221,,
595,33,Miner,True,2021-08-08 19:43:28.183231,,
596,26,Engineer,True,2023-07-04 19:43:28.203217,,
597,26,Geologist,True,2016-01-12 19:43:28.222243,,
598,35,Geologist,False,2017-05-23 19:43:28.241233,2021-03-08 19:43:28.241233,Safety Concerns
599,28,Miner,True,2021-01-03 19:43:28.262215,,
600,26,Miner,True,2014-12-28 19:43:28.281215,,
601,31,Miner,True,2015-03-26 19:43:28.299215,,
602,60,Engineer,True,2021-10-09 19:43:28.318215,,
603,50,Miner,True,2019-01-11 19:43:28.337215,,
604,58,Miner,False,2021-06-04 19:43:28.353215,2023-04-14 19:43:28.353215,Relocation
605,37,Engineer,True,2015-04-21 19:43:28.376211,,
606,52,Geologist,False,2014-10-16 19:43:28.396212,2018-09-27 19:43:28.396212,Health Issues
607,35,Mechanic,True,2015-08-01 19:43:28.417232,,
608,35,Geologist,False,2017-08-16 19:43:28.436215,2023-01-22 19:43:28.436215,Better Opportunities Elsewhere
609,43,Engineer,True,2017-11-04 19:43:28.455214,,
610,55,Surveyor,False,2020-07-21 19:43:28.475211,2021-08-06 19:43:28.475211,Company Downsizing
611,33,Miner,True,2023-04-08 19:43:28.494212,,
612,31,Miner,True,2022-12-22 19:43:28.513239,,
613,51,Engineer,False,2020-07-20 19:43:28.532215,2022-11-25 19:43:28.532215,Dissatisfaction with Pay
614,47,Miner,False,2017-09-13 19:43:28.552218,2018-02-25 19:43:28.552218,Safety Concerns
615,57,Miner,True,2020-06-17 19:43:28.571212,,
616,48,Surveyor,False,2015-03-13 19:43:28.593212,2020-01-16 19:43:28.593212,Better Opportunities Elsewhere
617,41,Mechanic,False,2020-10-26 19:43:28.616212,2023-04-11 19:43:28.616212,Relocation
618,43,Miner,True,2022-01-24 19:43:28.635233,,
619,39,Miner,False,2014-11-07 19:43:28.654215,2017-05-28 19:43:28.654215,Family Reasons
620,50,Geologist,True,2023-04-20 19:43:28.673215,,
621,26,Engineer,False,2017-01-14 19:43:28.695234,2021-11-11 19:43:28.695234,Safety Concerns
622,44,Miner,True,2019-07-12 19:43:28.714236,,
623,26,Miner,True,2018-01-11 19:43:28.733240,,
624,53,Surveyor,True,2017-10-28 19:43:28.753232,,
625,57,Surveyor,True,2017-04-11 19:43:28.774234,,
626,25,Miner,False,2023-02-13 19:43:28.793236,2023-06-13 19:43:28.793236,Safety Concerns
627,41,Geologist,False,2014-05-05 19:43:28.815239,2021-10-04 19:43:28.815239,Safety Concerns
628,59,Geologist,False,2017-06-13 19:43:28.833231,2018-10-21 19:43:28.833231,Better Opportunities Elsewhere
629,47,Mechanic,True,2023-02-24 19:43:28.854219,,
630,58,Geologist,False,2019-03-16 19:43:28.875215,2022-09-28 19:43:28.875215,Better Opportunities Elsewhere
631,47,Miner,True,2021-02-07 19:43:28.894212,,
632,27,Miner,False,2019-06-07 19:43:28.913212,2022-04-25 19:43:28.913212,Safety Concerns
633,25,Engineer,False,2018-08-06 19:43:28.931218,2023-03-07 19:43:28.931218,End of Contract/Project
634,32,Engineer,False,2022-07-12 19:43:28.951238,2023-01-26 19:43:28.951238,Safety Concerns
635,40,Surveyor,False,2015-06-24 19:43:28.972234,2020-04-28 19:43:28.972234,Safety Concerns
636,25,Surveyor,False,2017-03-16 19:43:28.991239,2018-01-19 19:43:28.991239,Better Opportunities Elsewhere
637,29,Mechanic,True,2023-05-18 19:43:29.012235,,
638,38,Geologist,False,2020-10-12 19:43:29.036233,2021-10-27 19:43:29.036233,Relocation
639,52,Miner,True,2020-07-22 19:43:29.057234,,
640,59,Geologist,True,2016-06-18 19:43:29.076233,,
641,59,Miner,False,2022-11-28 19:43:29.095239,2023-05-05 19:43:29.095239,Safety Concerns
642,55,Miner,False,2017-07-12 19:43:29.111232,2020-01-26 19:43:29.111232,Family Reasons
643,55,Miner,False,2017-08-27 19:43:29.130215,2023-04-01 19:43:29.130215,Better Opportunities Elsewhere
644,55,Engineer,True,2018-08-24 19:43:29.150215,,
645,27,Geologist,True,2022-07-20 19:43:29.171235,,
646,52,Miner,True,2022-02-05 19:43:29.190215,,
647,44,Miner,False,2016-07-16 19:43:29.210618,2023-07-17 19:43:29.210618,Health Issues
648,29,Miner,False,2018-10-15 19:43:29.231235,2023-01-24 19:43:29.231235,Family Reasons
649,47,Miner,False,2014-03-16 19:43:29.253215,2019-07-04 19:43:29.253215,Safety Concerns
650,31,Miner,True,2014-06-12 19:43:29.272214,,
651,58,Engineer,True,2020-02-18 19:43:29.292212,,
652,58,Miner,True,2019-04-10 19:43:29.312216,,
653,27,Miner,True,2020-08-13 19:43:29.331215,,
654,44,Miner,False,2020-03-14 19:43:29.351212,2021-10-17 19:43:29.351212,Relocation
655,47,Geologist,False,2023-01-21 19:43:29.369233,2023-05-27 19:43:29.369233,Health Issues
656,27,Surveyor,False,2018-11-30 19:43:29.390234,2021-02-27 19:43:29.390234,Family Reasons
657,25,Miner,True,2014-12-29 19:43:29.408216,,
658,41,Miner,False,2014-02-24 19:43:29.430236,2014-05-30 19:43:29.430236,Health Issues
659,45,Miner,False,2015-12-19 19:43:29.451219,2021-02-01 19:43:29.451219,Safety Concerns
660,53,Mechanic,True,2021-01-09 19:43:29.474218,,
661,33,Engineer,False,2016-06-04 19:43:29.495233,2022-05-07 19:43:29.495233,Safety Concerns
662,42,Miner,False,2015-09-17 19:43:29.513234,2017-10-30 19:43:29.513234,Relocation
663,56,Mechanic,False,2020-10-16 19:43:29.532234,2021-04-21 19:43:29.532234,Better Opportunities Elsewhere
664,25,Engineer,True,2022-08-16 19:43:29.552212,,
665,49,Engineer,False,2016-06-11 19:43:29.573212,2021-11-25 19:43:29.573212,Health Issues
666,47,Geologist,False,2017-06-17 19:43:29.592212,2020-07-31 19:43:29.592212,Health Issues
667,34,Engineer,False,2015-01-12 19:43:29.611213,2016-08-29 19:43:29.611213,Better Opportunities Elsewhere
668,32,Engineer,True,2023-03-01 19:43:29.629235,,
669,57,Geologist,False,2019-02-06 19:43:29.650233,2020-12-17 19:43:29.650233,Retirement
670,59,Miner,True,2016-01-19 19:43:29.669215,,
671,58,Geologist,True,2021-03-08 19:43:29.691217,,
672,58,Miner,False,2014-07-22 19:43:29.712237,2019-04-06 19:43:29.712237,Dissatisfaction with Pay
673,28,Surveyor,False,2013-10-02 19:43:29.732232,2019-02-10 19:43:29.732232,Family Reasons
674,54,Geologist,True,2018-07-23 19:43:29.751234,,
675,27,Geologist,False,2014-05-10 19:43:29.771256,2015-07-27 19:43:29.771256,Family Reasons
676,52,Geologist,True,2016-06-03 19:43:29.787233,,
677,54,Engineer,False,2015-03-20 19:43:29.807237,2022-04-21 19:43:29.807237,Health Issues
678,32,Engineer,False,2019-08-11 19:43:29.822247,2020-07-01 19:43:29.822247,Health Issues
679,49,Miner,False,2023-02-20 19:43:29.838235,2023-08-23 19:43:29.838235,Health Issues
680,28,Engineer,False,2019-02-25 19:43:29.854235,2021-10-26 19:43:29.854235,Safety Concerns
681,47,Miner,True,2016-08-31 19:43:29.870235,,
682,36,Mechanic,True,2014-04-10 19:43:29.889233,,
683,55,Miner,False,2014-09-19 19:43:29.912234,2021-05-07 19:43:29.912234,Family Reasons
684,38,Surveyor,False,2017-07-08 19:43:29.929215,2017-12-06 19:43:29.929215,Safety Concerns
685,58,Miner,True,2019-12-31 19:43:29.949215,,
686,48,Miner,True,2022-09-06 19:43:29.968216,,
687,26,Miner,True,2015-11-16 19:43:29.987213,,
688,36,Mechanic,False,2015-06-08 19:43:30.005212,2016-05-07 19:43:30.005212,Better Opportunities Elsewhere
689,36,Miner,False,2020-04-13 19:43:30.024667,2020-06-22 19:43:30.024667,Health Issues
690,52,Engineer,False,2019-10-08 19:43:30.043659,2020-11-08 19:43:30.043659,Safety Concerns
691,33,Miner,True,2015-11-07 19:43:30.062657,,
692,35,Surveyor,True,2016-07-13 19:43:30.081656,,
693,50,Engineer,False,2021-06-14 19:43:30.103659,2022-06-24 19:43:30.103659,Family Reasons
694,36,Miner,True,2020-10-31 19:43:30.125660,,
695,48,Miner,False,2015-08-18 19:43:30.144676,2022-04-04 19:43:30.144676,Dissatisfaction with Pay
696,49,Engineer,True,2021-10-19 19:43:30.164676,,
697,39,Geologist,True,2021-02-22 19:43:30.182680,,
698,59,Engineer,True,2022-05-29 19:43:30.202683,,
699,30,Mechanic,False,2020-06-15 19:43:30.221675,2021-12-25 19:43:30.221675,Relocation
700,25,Engineer,False,2017-06-06 19:43:30.240659,2018-06-06 19:43:30.240659,Safety Concerns
701,37,Geologist,True,2015-08-26 19:43:30.260676,,
702,47,Engineer,False,2019-10-04 19:43:30.279677,2019-12-20 19:43:30.279677,Family Reasons
703,47,Surveyor,True,2021-12-17 19:43:30.299677,,
704,37,Engineer,True,2016-08-14 19:43:30.320661,,
705,27,Geologist,True,2019-08-04 19:43:30.341677,,
706,59,Miner,True,2017-05-10 19:43:30.360677,,
707,27,Miner,True,2015-02-23 19:43:30.379677,,
708,28,Miner,False,2016-02-22 19:43:30.398661,2018-01-31 19:43:30.398661,Family Reasons
709,51,Engineer,False,2021-08-10 19:43:30.417691,2023-02-11 19:43:30.417691,Family Reasons
710,59,Surveyor,True,2022-03-19 19:43:30.437663,,
711,25,Geologist,False,2022-05-17 19:43:30.456677,2023-07-19 19:43:30.456677,Dissatisfaction with Pay
712,50,Engineer,True,2019-11-19 19:43:30.474676,,
713,57,Engineer,False,2016-11-10 19:43:30.493678,2023-04-27 19:43:30.493678,End of Contract/Project
714,32,Engineer,True,2022-08-30 19:43:30.511678,,
715,46,Mechanic,False,2018-11-15 19:43:30.528679,2022-03-02 19:43:30.528679,Safety Concerns
716,43,Miner,True,2023-01-19 19:43:30.550662,,
717,44,Miner,True,2013-10-06 19:43:30.570679,,
718,34,Miner,True,2016-06-08 19:43:30.591660,,
719,27,Engineer,True,2020-06-23 19:43:30.610661,,
720,49,Engineer,True,2018-03-16 19:43:30.629660,,
721,29,Surveyor,True,2016-11-11 19:43:30.648656,,
722,53,Engineer,False,2022-06-06 19:43:30.666656,2023-08-04 19:43:30.666656,Better Opportunities Elsewhere
723,53,Engineer,False,2014-05-30 19:43:30.685695,2019-10-21 19:43:30.685695,Better Opportunities Elsewhere
724,41,Miner,True,2015-10-22 19:43:30.702661,,
725,53,Miner,False,2018-01-09 19:43:30.722661,2023-03-31 19:43:30.722661,Health Issues
726,54,Mechanic,True,2016-02-16 19:43:30.742680,,
727,41,Engineer,False,2023-03-27 19:43:30.764661,2023-08-06 19:43:30.764661,Family Reasons
728,38,Surveyor,True,2016-07-03 19:43:30.786662,,
729,47,Geologist,False,2015-02-01 19:43:30.805680,2015-03-08 19:43:30.805680,Safety Concerns
730,39,Miner,False,2017-09-13 19:43:30.825682,2019-11-18 19:43:30.825682,Family Reasons
731,43,Miner,False,2017-01-06 19:43:30.842680,2017-07-29 19:43:30.842680,Dissatisfaction with Pay
732,41,Engineer,False,2015-03-18 19:43:30.858698,2020-03-24 19:43:30.858698,Safety Concerns
733,45,Engineer,False,2022-02-02 19:43:30.873677,2023-06-27 19:43:30.873677,Family Reasons
734,45,Geologist,False,2019-12-01 19:43:30.889680,2021-09-17 19:43:30.889680,Better Opportunities Elsewhere
735,55,Miner,False,2022-06-12 19:43:30.906661,2022-12-03 19:43:30.906661,Family Reasons
736,30,Engineer,True,2020-07-26 19:43:30.925677,,
737,32,Geologist,False,2017-03-15 19:43:30.944661,2019-10-29 19:43:30.944661,Health Issues
738,26,Surveyor,True,2023-05-01 19:43:30.964660,,
739,26,Miner,False,2017-02-06 19:43:30.986677,2020-02-14 19:43:30.986677,Family Reasons
740,33,Geologist,True,2013-09-21 19:43:31.006676,,
741,35,Miner,False,2022-09-19 19:43:31.025676,2023-02-13 19:43:31.025676,Family Reasons
742,53,Engineer,False,2016-09-14 19:43:31.043661,2018-07-21 19:43:31.043661,Health Issues
743,39,Geologist,True,2015-06-05 19:43:31.063679,,
744,51,Engineer,False,2021-01-28 19:43:31.080675,2021-03-25 19:43:31.080675,End of Contract/Project
745,55,Engineer,False,2013-11-10 19:43:31.095735,2016-05-08 19:43:31.095735,Health Issues
746,55,Geologist,False,2022-07-16 19:43:31.114660,2023-08-16 19:43:31.114660,Family Reasons
747,39,Miner,False,2019-06-01 19:43:31.133677,2019-07-08 19:43:31.133677,Relocation
748,41,Geologist,True,2014-10-05 19:43:31.154677,,
749,29,Engineer,True,2017-07-19 19:43:31.173659,,
750,38,Miner,True,2015-09-12 19:43:31.194685,,
751,28,Geologist,True,2019-12-01 19:43:31.216661,,
752,30,Miner,False,2015-06-11 19:43:31.235660,2016-01-12 19:43:31.235660,Dissatisfaction with Pay
753,45,Engineer,True,2016-06-20 19:43:31.254660,,
754,60,Miner,False,2021-11-15 19:43:31.271660,2021-12-19 19:43:31.271660,Safety Concerns
755,49,Miner,False,2016-12-19 19:43:31.287658,2022-09-13 19:43:31.287658,Relocation
756,44,Engineer,False,2019-06-28 19:43:31.303658,2022-09-15 19:43:31.303658,Safety Concerns
757,37,Surveyor,False,2020-07-26 19:43:31.322656,2022-06-29 19:43:31.322656,Safety Concerns
758,25,Miner,False,2014-12-25 19:43:31.342656,2020-10-01 19:43:31.342656,Dissatisfaction with Pay
759,27,Engineer,False,2017-09-29 19:43:31.362656,2022-06-14 19:43:31.362656,Family Reasons
760,29,Miner,True,2016-08-20 19:43:31.383662,,
761,58,Miner,False,2018-01-25 19:43:31.405661,2022-09-22 19:43:31.405661,Safety Concerns
762,46,Mechanic,False,2016-09-11 19:43:31.423677,2022-12-01 19:43:31.423677,Family Reasons
763,34,Miner,False,2014-12-04 19:43:31.442678,2018-04-21 19:43:31.442678,Family Reasons
764,51,Miner,True,2016-02-12 19:43:31.457689,,
765,41,Geologist,True,2018-03-19 19:43:31.475661,,
766,58,Miner,True,2016-10-03 19:43:31.495676,,
767,54,Geologist,True,2022-05-21 19:43:31.513682,,
768,52,Engineer,True,2018-11-18 19:43:31.534660,,
769,36,Geologist,False,2016-10-19 19:43:31.553663,2020-03-28 19:43:31.553663,Safety Concerns
770,56,Surveyor,False,2016-10-30 19:43:31.573658,2022-07-31 19:43:31.573658,Health Issues
771,59,Miner,True,2021-08-25 19:43:31.593658,,
772,54,Miner,True,2017-07-18 19:43:31.615656,,
773,38,Engineer,False,2015-12-07 19:43:31.638659,2019-08-16 19:43:31.638659,Company Downsizing
774,40,Miner,True,2021-06-26 19:43:31.656658,,
775,55,Miner,True,2016-04-29 19:43:31.672659,,
776,38,Engineer,False,2016-06-30 19:43:31.688658,2020-08-03 19:43:31.688658,Relocation
777,49,Engineer,False,2023-08-13 19:43:31.707660,2023-08-27 19:43:31.707660,Safety Concerns
778,59,Engineer,False,2021-02-11 19:43:31.728661,2022-04-28 19:43:31.728661,Company Downsizing
779,34,Mechanic,True,2018-01-08 19:43:31.748676,,
780,36,Miner,True,2015-04-13 19:43:31.767660,,
781,30,Engineer,False,2021-10-12 19:43:31.786662,2022-11-25 19:43:31.786662,Better Opportunities Elsewhere
782,32,Geologist,False,2013-11-04 19:43:31.802659,2018-03-10 19:43:31.802659,Better Opportunities Elsewhere
783,55,Engineer,False,2015-05-04 19:43:31.826658,2019-12-22 19:43:31.826658,Health Issues
784,37,Geologist,True,2013-09-28 19:43:31.845658,,
785,31,Geologist,True,2018-11-29 19:43:31.862660,,
786,57,Miner,True,2020-05-08 19:43:31.877659,,
787,47,Engineer,False,2022-07-18 19:43:31.893660,2023-04-27 19:43:31.893660,Family Reasons
788,47,Miner,True,2018-12-07 19:43:31.909658,,
789,30,Engineer,False,2021-03-16 19:43:31.924659,2021-09-05 19:43:31.924659,Better Opportunities Elsewhere
790,38,Miner,True,2016-09-16 19:43:31.940660,,
791,37,Engineer,False,2020-09-21 19:43:31.958656,2021-06-07 19:43:31.958656,Better Opportunities Elsewhere
792,42,Geologist,True,2017-04-19 19:43:31.977656,,
793,52,Miner,True,2023-06-29 19:43:32.000659,,
794,40,Engineer,False,2017-09-18 19:43:32.021661,2020-03-03 19:43:32.021661,Relocation
795,32,Geologist,False,2021-09-16 19:43:32.042664,2023-03-11 19:43:32.042664,Better Opportunities Elsewhere
796,48,Miner,False,2018-05-07 19:43:32.061659,2022-09-17 19:43:32.061659,Better Opportunities Elsewhere
797,54,Geologist,False,2019-05-05 19:43:32.083657,2021-10-24 19:43:32.083657,Better Opportunities Elsewhere
798,59,Surveyor,False,2022-02-13 19:43:32.102659,2023-04-24 19:43:32.102659,Family Reasons
799,58,Engineer,True,2021-09-12 19:43:32.119658,,
800,53,Engineer,False,2015-09-02 19:43:32.134660,2017-05-22 19:43:32.134660,Relocation
801,36,Surveyor,False,2013-09-06 19:43:32.153656,2023-06-20 19:43:32.153656,Company Downsizing
802,57,Miner,True,2022-07-06 19:43:32.174661,,
803,40,Geologist,True,2017-12-07 19:43:32.194656,,
804,50,Engineer,True,2016-08-24 19:43:32.213659,,
805,56,Geologist,True,2022-02-17 19:43:32.234659,,
806,29,Surveyor,False,2022-02-14 19:43:32.255676,2023-03-25 19:43:32.255676,Health Issues
807,48,Engineer,False,2020-08-31 19:43:32.275676,2020-12-03 19:43:32.275676,Relocation
808,50,Engineer,False,2019-04-25 19:43:32.294677,2022-07-27 19:43:32.294677,Safety Concerns
809,47,Miner,False,2016-08-09 19:43:32.312676,2016-12-03 19:43:32.312676,Health Issues
810,51,Geologist,True,2019-12-17 19:43:32.331678,,
811,42,Engineer,True,2015-12-21 19:43:32.347679,,
812,28,Mechanic,True,2016-11-30 19:43:32.363678,,
813,36,Geologist,True,2016-01-17 19:43:32.383659,,
814,31,Surveyor,False,2019-11-19 19:43:32.403662,2022-05-13 19:43:32.403662,Safety Concerns
815,27,Miner,True,2013-12-12 19:43:32.424660,,
816,32,Miner,False,2022-05-02 19:43:32.447677,2022-06-15 19:43:32.447677,Family Reasons
817,28,Miner,True,2015-03-24 19:43:32.468659,,
818,48,Miner,False,2023-06-15 19:43:32.486660,2023-07-21 19:43:32.486660,Better Opportunities Elsewhere
819,45,Miner,False,2022-01-29 19:43:32.502659,2022-10-31 19:43:32.502659,Family Reasons
820,52,Geologist,False,2017-09-25 19:43:32.518659,2019-11-28 19:43:32.518659,Safety Concerns
821,55,Miner,False,2016-06-08 19:43:32.537658,2021-07-09 19:43:32.537658,Safety Concerns
822,59,Mechanic,True,2020-11-26 19:43:32.556663,,
823,49,Engineer,True,2023-07-23 19:43:32.573660,,
824,49,Geologist,False,2016-11-17 19:43:32.589658,2020-08-29 19:43:32.589658,End of Contract/Project
825,51,Engineer,True,2019-09-11 19:43:32.604658,,
826,59,Miner,False,2016-07-25 19:43:32.619660,2022-12-18 19:43:32.619660,Health Issues
827,35,Surveyor,True,2016-03-03 19:43:32.635658,,
828,27,Miner,True,2018-12-20 19:43:32.657655,,
829,37,Miner,False,2019-10-06 19:43:32.678659,2020-06-06 19:43:32.678659,Family Reasons
830,32,Miner,False,2013-12-01 19:43:32.697656,2022-07-30 19:43:32.697656,Family Reasons
831,50,Geologist,True,2015-07-27 19:43:32.719677,,
832,46,Miner,True,2016-03-25 19:43:32.738661,,
833,41,Miner,False,2018-11-02 19:43:32.759677,2020-08-01 19:43:32.759677,Family Reasons
834,48,Engineer,False,2021-05-11 19:43:32.778661,2021-07-01 19:43:32.778661,Health Issues
835,28,Engineer,False,2015-02-08 19:43:32.797677,2019-04-28 19:43:32.797677,Health Issues
836,44,Engineer,True,2019-12-30 19:43:32.817660,,
837,29,Geologist,True,2016-12-13 19:43:32.838676,,
838,33,Engineer,False,2021-02-06 19:43:32.857675,2021-12-18 19:43:32.857675,Family Reasons
839,30,Mechanic,False,2016-03-22 19:43:32.879661,2017-11-21 19:43:32.879661,Safety Concerns
840,38,Geologist,True,2023-02-13 19:43:32.899662,,
841,54,Miner,True,2014-08-25 19:43:32.918659,,
842,48,Geologist,True,2021-10-05 19:43:32.937656,,
843,40,Engineer,True,2018-01-25 19:43:32.956660,,
844,29,Engineer,False,2017-02-07 19:43:32.975656,2022-06-21 19:43:32.975656,Better Opportunities Elsewhere
845,32,Engineer,False,2018-06-12 19:43:32.994661,2023-03-11 19:43:32.994661,Retirement
846,43,Geologist,False,2016-11-06 19:43:33.013659,2018-11-28 19:43:33.013659,Safety Concerns
847,28,Miner,False,2019-03-05 19:43:33.032660,2023-05-25 19:43:33.032660,Family Reasons
848,43,Engineer,True,2018-02-02 19:43:33.049659,,
849,29,Miner,True,2015-08-11 19:43:33.069659,,
850,43,Geologist,False,2017-08-28 19:43:33.087659,2020-11-19 19:43:33.087659,Health Issues
851,55,Miner,True,2019-11-10 19:43:33.106656,,
852,29,Engineer,True,2018-09-09 19:43:33.122660,,
853,40,Miner,True,2019-04-28 19:43:33.138658,,
854,45,Miner,False,2022-11-21 19:43:33.158657,2023-03-18 19:43:33.158657,Safety Concerns
855,38,Miner,True,2017-08-27 19:43:33.180662,,
856,58,Engineer,True,2020-09-04 19:43:33.198657,,
857,49,Geologist,False,2022-08-04 19:43:33.217673,2023-02-24 19:43:33.217673,Safety Concerns
858,36,Miner,True,2013-11-12 19:43:33.236659,,
859,40,Miner,False,2014-12-10 19:43:33.254660,2022-07-01 19:43:33.254660,Safety Concerns
860,59,Miner,True,2013-09-07 19:43:33.274675,,
861,36,Geologist,True,2017-02-05 19:43:33.297669,,
862,42,Geologist,True,2017-01-31 19:43:33.317678,,
863,28,Miner,False,2022-02-24 19:43:33.336676,2023-06-01 19:43:33.336676,Relocation
864,43,Geologist,True,2017-03-12 19:43:33.355677,,
865,35,Miner,True,2018-11-06 19:43:33.373705,,
866,48,Miner,True,2018-11-04 19:43:33.394686,,
867,58,Geologist,True,2016-07-27 19:43:33.410675,,
868,53,Miner,False,2016-10-01 19:43:33.428687,2018-05-28 19:43:33.428687,Safety Concerns
869,42,Miner,True,2018-10-06 19:43:33.445679,,
870,57,Engineer,True,2014-02-12 19:43:33.461661,,
871,54,Miner,True,2015-04-04 19:43:33.478661,,
872,25,Geologist,True,2021-05-15 19:43:33.498662,,
873,31,Miner,False,2020-05-15 19:43:33.518663,2021-07-31 19:43:33.518663,Relocation
874,37,Geologist,False,2017-07-05 19:43:33.545657,2017-07-25 19:43:33.545657,Better Opportunities Elsewhere
875,46,Geologist,False,2013-12-12 19:43:33.561657,2017-08-21 19:43:33.561657,Health Issues
876,36,Geologist,False,2021-02-17 19:43:33.576659,2021-07-04 19:43:33.576659,Safety Concerns
877,48,Engineer,True,2023-02-28 19:43:33.597659,,
878,43,Miner,False,2022-04-01 19:43:33.616657,2022-07-10 19:43:33.616657,Better Opportunities Elsewhere
879,33,Miner,True,2020-03-28 19:43:33.632656,,
880,60,Engineer,True,2015-11-06 19:43:33.648661,,
881,32,Miner,False,2016-02-28 19:43:33.665678,2021-08-27 19:43:33.665678,End of Contract/Project
882,38,Miner,False,2019-04-01 19:43:33.684660,2019-07-02 19:43:33.684660,Better Opportunities Elsewhere
883,42,Miner,False,2015-10-16 19:43:33.702668,2020-09-27 19:43:33.702668,Dissatisfaction with Pay
884,34,Mechanic,False,2015-02-24 19:43:33.728660,2015-06-04 19:43:33.728660,Safety Concerns
885,59,Geologist,False,2022-11-24 19:43:33.749662,2022-12-12 19:43:33.749662,Dissatisfaction with Pay
886,36,Mechanic,True,2021-06-15 19:43:33.766656,,
887,35,Engineer,True,2015-07-06 19:43:33.782660,,
888,36,Miner,True,2020-11-02 19:43:33.801657,,
889,33,Miner,False,2016-07-06 19:43:33.820677,2017-01-04 19:43:33.820677,Safety Concerns
890,48,Mechanic,True,2015-01-11 19:43:33.838678,,
891,35,Engineer,True,2013-11-30 19:43:33.856661,,
892,26,Mechanic,True,2017-06-26 19:43:33.873679,,
893,32,Miner,True,2015-12-19 19:43:33.888679,,
894,30,Engineer,False,2014-12-05 19:43:33.907660,2015-01-24 19:43:33.907660,Better Opportunities Elsewhere
895,26,Engineer,True,2021-08-07 19:43:33.927683,,
896,42,Geologist,True,2022-06-11 19:43:33.949659,,
897,36,Mechanic,False,2023-01-05 19:43:33.970676,2023-01-29 19:43:33.970676,Better Opportunities Elsewhere
898,39,Engineer,False,2019-05-19 19:43:33.989676,2020-11-14 19:43:33.989676,Dissatisfaction with Pay
899,27,Geologist,True,2017-11-10 19:43:34.005679,,
900,34,Geologist,True,2015-04-01 19:43:34.024679,,
901,50,Miner,False,2014-09-08 19:43:34.043674,2017-01-01 19:43:34.043674,Retirement
902,25,Surveyor,True,2021-12-19 19:43:34.066681,,
903,54,Surveyor,False,2022-08-23 19:43:34.098662,2023-07-16 19:43:34.098662,Better Opportunities Elsewhere
904,27,Surveyor,True,2014-03-26 19:43:34.122660,,
905,45,Geologist,True,2018-03-10 19:43:34.149667,,
906,33,Surveyor,False,2022-06-23 19:43:34.171658,2022-12-08 19:43:34.171658,Dissatisfaction with Pay
907,32,Miner,True,2019-01-02 19:43:34.195662,,
908,40,Surveyor,False,2019-03-24 19:43:34.213657,2020-01-11 19:43:34.213657,Dissatisfaction with Pay
909,35,Surveyor,True,2016-02-26 19:43:34.235660,,
910,34,Engineer,True,2018-07-14 19:43:34.255663,,
911,29,Mechanic,False,2014-09-22 19:43:34.279663,2023-07-15 19:43:34.279663,Family Reasons
912,50,Surveyor,True,2022-03-13 19:43:34.301662,,
913,47,Geologist,True,2021-05-29 19:43:34.322656,,
914,51,Engineer,True,2019-09-24 19:43:34.343666,,
915,38,Surveyor,False,2018-02-19 19:43:34.365665,2021-10-05 19:43:34.365665,Family Reasons
916,33,Miner,False,2016-08-25 19:43:34.387658,2017-06-26 19:43:34.387658,Family Reasons
917,31,Miner,False,2014-06-28 19:43:34.408663,2020-10-24 19:43:34.408663,Health Issues
918,25,Miner,False,2023-06-06 19:43:34.431658,2023-06-29 19:43:34.431658,Family Reasons
919,36,Geologist,True,2018-10-21 19:43:34.452657,,
920,60,Miner,False,2023-07-13 19:43:34.471659,2023-08-27 19:43:34.471659,Better Opportunities Elsewhere
921,54,Mechanic,False,2018-09-19 19:43:34.494661,2022-05-21 19:43:34.494661,Safety Concerns
922,26,Mechanic,False,2019-05-21 19:43:34.513660,2022-09-21 19:43:34.513660,Relocation
923,31,Geologist,True,2015-07-22 19:43:34.533658,,
924,53,Miner,False,2017-07-08 19:43:34.554658,2020-09-17 19:43:34.554658,Safety Concerns
925,35,Miner,True,2020-12-04 19:43:34.579674,,
926,32,Miner,False,2019-10-21 19:43:34.598658,2022-12-16 19:43:34.598658,Health Issues
927,42,Miner,True,2019-05-24 19:43:34.615658,,
928,33,Engineer,False,2020-09-11 19:43:34.636656,2020-10-13 19:43:34.636656,Better Opportunities Elsewhere
929,50,Mechanic,False,2015-02-01 19:43:34.657660,2016-12-15 19:43:34.657660,Relocation
930,36,Geologist,False,2016-06-10 19:43:34.677674,2018-03-27 19:43:34.677674,Safety Concerns
931,29,Surveyor,False,2016-12-23 19:43:34.699680,2023-05-14 19:43:34.699680,Safety Concerns
932,29,Miner,True,2023-07-07 19:43:34.720681,,
933,41,Miner,False,2022-03-05 19:43:34.741677,2023-05-09 19:43:34.741677,Health Issues
934,26,Engineer,False,2015-06-15 19:43:34.766676,2020-05-06 19:43:34.766676,End of Contract/Project
935,43,Miner,True,2018-05-20 19:43:34.796663,,
936,48,Miner,False,2017-04-29 19:43:34.825664,2022-04-01 19:43:34.825664,Safety Concerns
937,60,Miner,True,2023-07-13 19:43:34.850657,,
938,35,Miner,False,2023-02-20 19:43:34.875664,2023-04-12 19:43:34.875664,Better Opportunities Elsewhere
939,33,Miner,False,2018-06-15 19:43:34.898660,2020-04-19 19:43:34.898660,Better Opportunities Elsewhere
940,53,Geologist,True,2018-03-14 19:43:34.922662,,
941,51,Engineer,False,2018-03-19 19:43:34.947660,2021-04-05 19:43:34.947660,Health Issues
942,31,Surveyor,True,2013-10-15 19:43:34.968660,,
943,52,Miner,False,2018-01-27 19:43:34.988658,2023-02-17 19:43:34.988658,Relocation
944,53,Engineer,False,2015-01-26 19:43:35.011667,2018-05-06 19:43:35.011667,End of Contract/Project
945,32,Miner,False,2022-04-22 19:43:35.033657,2022-09-13 19:43:35.033657,Family Reasons
946,48,Geologist,True,2019-05-24 19:43:35.056658,,
947,45,Miner,False,2017-02-23 19:43:35.080665,2021-12-17 19:43:35.080665,Dissatisfaction with Pay
948,39,Geologist,True,2014-06-06 19:43:35.102661,,
949,59,Geologist,False,2020-06-15 19:43:35.126668,2020-11-25 19:43:35.126668,Relocation
950,43,Geologist,True,2019-07-13 19:43:35.150660,,
951,25,Mechanic,True,2023-01-19 19:43:35.170657,,
952,55,Engineer,True,2023-01-16 19:43:35.196665,,
953,47,Geologist,True,2015-05-16 19:43:35.219662,,
954,35,Miner,True,2018-05-06 19:43:35.245662,,
955,34,Miner,True,2018-02-13 19:43:35.267659,,
956,51,Engineer,True,2018-10-05 19:43:35.289663,,
957,46,Miner,False,2018-09-20 19:43:35.313662,2023-06-30 19:43:35.313662,Better Opportunities Elsewhere
958,42,Miner,True,2022-08-27 19:43:35.335658,,
959,41,Engineer,True,2019-11-12 19:43:35.358664,,
960,44,Miner,True,2017-09-12 19:43:35.380661,,
961,30,Miner,True,2022-03-03 19:43:35.407667,,
962,39,Miner,False,2019-04-29 19:43:35.430662,2020-09-20 19:43:35.430662,Better Opportunities Elsewhere
963,25,Mechanic,False,2014-11-14 19:43:35.451663,2018-09-13 19:43:35.451663,End of Contract/Project
964,47,Geologist,True,2016-11-26 19:43:35.473661,,
965,41,Engineer,False,2014-06-05 19:43:35.497659,2014-11-06 19:43:35.497659,Safety Concerns
966,25,Engineer,True,2016-12-25 19:43:35.519662,,
967,30,Mechanic,False,2017-04-27 19:43:35.543662,2022-03-03 19:43:35.543662,Family Reasons
968,48,Miner,False,2022-01-21 19:43:35.567660,2022-03-21 19:43:35.567660,Better Opportunities Elsewhere
969,51,Miner,True,2017-07-04 19:43:35.588656,,
970,33,Miner,False,2015-05-03 19:43:35.613659,2017-08-13 19:43:35.613659,Better Opportunities Elsewhere
971,54,Miner,False,2023-07-07 19:43:35.635662,2023-07-09 19:43:35.635662,Better Opportunities Elsewhere
972,56,Miner,True,2014-02-02 19:43:35.655658,,
973,55,Geologist,True,2019-10-08 19:43:35.682659,,
974,33,Miner,False,2017-11-25 19:43:35.705660,2019-09-23 19:43:35.705660,Relocation
975,45,Mechanic,False,2016-12-21 19:43:35.732664,2020-03-25 19:43:35.732664,End of Contract/Project
976,59,Engineer,False,2021-10-18 19:43:35.758662,2021-10-20 19:43:35.758662,Better Opportunities Elsewhere
977,25,Miner,True,2020-01-15 19:43:35.781658,,
978,32,Engineer,False,2014-03-01 19:43:35.803661,2016-06-28 19:43:35.803661,Relocation
979,29,Mechanic,True,2020-11-10 19:43:35.833664,,
980,43,Engineer,False,2017-01-10 19:43:35.855662,2019-01-23 19:43:35.855662,Health Issues
981,58,Mechanic,False,2023-05-17 19:43:35.878662,2023-06-19 19:43:35.878662,Better Opportunities Elsewhere
982,41,Engineer,True,2015-03-25 19:43:35.902660,,
983,45,Engineer,True,2015-07-12 19:43:35.921659,,
984,45,Mechanic,True,2022-11-27 19:43:35.944663,,
985,51,Miner,False,2015-02-20 19:43:35.965656,2023-01-04 19:43:35.965656,Relocation
986,33,Surveyor,False,2015-12-04 19:43:35.986658,2020-01-24 19:43:35.986658,Company Downsizing
987,26,Geologist,True,2015-01-14 19:43:36.010658,,
988,57,Miner,False,2013-11-18 19:43:36.032659,2021-03-22 19:43:36.032659,Retirement
989,30,Mechanic,True,2018-04-02 19:43:36.054658,,
990,56,Miner,True,2015-04-20 19:43:36.078666,,
991,37,Miner,False,2016-03-29 19:43:36.101658,2018-05-24 19:43:36.101658,Better Opportunities Elsewhere
992,47,Engineer,True,2016-11-14 19:43:36.121656,,
993,28,Geologist,False,2021-07-11 19:43:36.143657,2023-02-14 19:43:36.143657,Safety Concerns
994,34,Engineer,True,2018-11-14 19:43:36.165665,,
995,48,Geologist,True,2016-08-15 19:43:36.182659,,
996,41,Miner,True,2016-11-30 19:43:36.209665,,
997,36,Surveyor,True,2022-03-02 19:43:36.235660,,
998,33,Geologist,True,2017-04-20 19:43:36.263663,,
999,56,Surveyor,False,2014-11-16 19:43:36.287658,2015-11-26 19:43:36.287658,Safety Concerns
1000,31,Engineer,True,2018-11-19 19:43:36.312662,,
